day;m1
1;0.166667
2;0.2
3;0.366667
4;0.5
5;0.633333
6;0.8
7;1
8;1
9;1
10;1
11;1
12;1
13;0.966667
14;1
15;1
16;1
17;1
18;0.966667
19;1
20;1
21;1
22;0.966667
23;0.966667
24;1
25;0.966667
26;1
27;1
28;1
29;1
30;1
31;0.966667
32;1
33;1
34;1
35;1
36;1
37;1
38;1
39;1
40;1
41;1
42;1
43;1
44;1
45;1
46;0.966667
47;0.966667
48;1
49;1
50;1
51;1
52;1
53;0.966667
54;0.966667
55;1
56;1
57;1
58;1
59;0.966667
60;1
61;0.966667
62;1
63;1
64;1
65;1
66;1
67;1
68;1
69;1
70;0.966667
71;1
72;1
73;1
74;1
75;1
76;0.966667
77;1
78;1
79;0.966667
80;1
81;1
82;1
83;1
84;1
85;1
86;1
87;1
88;1
89;0.966667
90;0.966667
91;1
92;0.966667
93;1
94;1
95;0.966667
96;1
97;0.966667
98;1
99;0.966667
100;1
101;1
102;1
103;1
104;0.966667
105;1
106;1
107;1
108;0.966667
109;0.966667
110;0.966667
111;0.966667
112;1
113;1
114;1
115;0.966667
116;1
117;1
118;1
119;1
120;0.966667
121;1
122;1
123;0.966667
124;1
125;1
126;0.966667
127;0.966667
128;1
129;1
130;1
131;0.966667
132;0.966667
133;1
134;1
135;1
136;1
137;0.966667
138;1
139;1
140;0.966667
141;0.966667
142;1
143;1
144;1
145;1
146;1
147;1
148;1
149;0.966667
150;1
151;1
152;1
153;1
154;1
155;0.966667
156;0.966667
157;1
158;1
159;1
160;1
161;1
162;1
163;0.966667
164;1
165;1
166;1
167;1
168;1
169;1
170;1
171;0.966667
172;0.966667
173;1
174;0.966667
175;1
176;1
177;1
178;1
179;1
180;1
181;1
182;1
183;1
184;1
185;1
186;1
187;1
188;1
189;1
190;1
191;1
192;1
193;0.966667
194;1
195;1
196;1
197;1
198;1
199;1
200;1
