day;m1
1;0.166667
2;0.266667
3;0.433333
4;0.6
5;0.7
6;0.8
7;0.9
8;1
9;1
10;0.966667
11;0.966667
12;0.966667
13;1
14;1
15;0.966667
16;1
17;1
18;1
19;1
20;1
21;1
22;1
23;1
24;1
25;1
26;1
27;0.966667
28;1
29;0.966667
30;0.966667
31;1
32;1
33;1
34;0.966667
35;1
36;1
37;1
38;1
39;1
40;1
41;1
42;1
43;1
44;1
45;1
46;1
47;1
48;1
49;1
50;1
51;0.966667
52;1
53;0.966667
54;1
55;1
56;0.966667
57;1
58;1
59;1
60;0.966667
61;1
62;1
63;1
64;1
65;1
66;1
67;1
68;1
69;1
70;1
71;1
72;0.966667
73;0.966667
74;1
75;0.966667
76;0.966667
77;1
78;1
79;1
80;0.966667
81;1
82;0.966667
83;1
84;1
85;1
86;1
87;1
88;0.966667
89;1
90;1
91;1
92;1
93;1
94;1
95;1
96;1
97;0.966667
98;1
99;1
100;1
101;1
102;0.966667
103;1
104;1
105;1
106;1
107;1
108;1
109;1
110;1
111;1
112;1
113;1
114;0.966667
115;1
116;0.966667
117;0.966667
118;1
119;1
120;0.966667
121;0.966667
122;1
123;1
124;0.966667
125;1
126;1
127;1
128;1
129;1
130;1
131;0.966667
132;1
133;1
134;1
135;1
136;1
137;1
138;0.966667
139;1
140;1
141;1
142;1
143;1
144;1
145;1
146;1
147;1
148;1
149;1
150;0.966667
151;1
152;1
153;1
154;1
155;1
156;1
157;0.966667
158;1
159;1
160;1
161;1
162;1
163;1
164;1
165;1
166;0.966667
167;1
168;0.966667
169;0.966667
170;1
171;1
172;1
173;1
174;1
175;0.966667
176;1
177;1
178;1
179;1
180;0.966667
181;0.966667
182;1
183;0.966667
184;1
185;1
186;1
187;0.966667
188;1
189;0.966667
190;1
191;1
192;1
193;1
194;1
195;1
196;1
197;1
198;1
199;1
200;1
