day;m1
1;0.133333
2;0.333333
3;0.433333
4;0.5
5;0.633333
6;0.766667
7;0.866667
8;1
9;1
10;1
11;1
12;1
13;0.966667
14;1
15;1
16;1
17;1
18;1
19;1
20;1
21;0.966667
22;0.966667
23;0.966667
24;1
25;1
26;1
27;1
28;1
29;1
30;1
31;0.966667
32;1
33;1
34;0.966667
35;1
36;1
37;1
38;1
39;1
40;1
41;1
42;0.966667
43;1
44;0.966667
45;1
46;1
47;1
48;1
49;0.966667
50;1
51;1
52;1
53;1
54;1
55;1
56;1
57;1
58;1
59;1
60;1
61;0.966667
62;1
63;0.966667
64;0.966667
65;0.966667
66;1
67;1
68;1
69;1
70;1
71;1
72;1
73;1
74;1
75;1
76;0.966667
77;1
78;0.966667
79;1
80;1
81;1
82;0.966667
83;1
84;0.966667
85;1
86;1
87;1
88;0.966667
89;0.966667
90;1
91;1
92;1
93;1
94;1
95;1
96;1
97;0.966667
98;1
99;1
100;0.966667
101;1
102;1
103;1
104;0.966667
105;1
106;1
107;1
108;1
109;1
110;1
111;1
112;1
113;1
114;1
115;0.966667
116;1
117;1
118;1
119;1
120;1
121;1
122;1
123;0.966667
124;1
125;1
126;0.966667
127;0.966667
128;0.966667
129;1
130;1
131;1
132;1
133;0.966667
134;0.966667
135;1
136;1
137;0.966667
138;0.966667
139;1
140;1
141;1
142;1
143;1
144;1
145;1
146;1
147;0.966667
148;0.966667
149;1
150;1
151;1
152;1
153;1
154;1
155;1
156;1
157;1
158;1
159;1
160;1
161;1
162;1
163;1
164;0.966667
165;1
166;1
167;1
168;1
169;1
170;1
171;0.966667
172;1
173;0.966667
174;1
175;1
176;0.966667
177;1
178;1
179;1
180;0.966667
181;0.966667
182;0.966667
183;1
184;1
185;1
186;1
187;1
188;1
189;1
190;0.966667
191;1
192;0.966667
193;0.966667
194;1
195;1
196;1
197;1
198;0.966667
199;1
200;0.966667
