day;m1
1;0.166667
2;0.3
3;0.466667
4;0.5
5;0.6
6;0.8
7;0.9
8;1
9;1
10;0.966667
11;1
12;1
13;1
14;1
15;1
16;0.966667
17;0.966667
18;1
19;0.966667
20;0.966667
21;1
22;1
23;1
24;1
25;1
26;1
27;1
28;1
29;1
30;1
31;1
32;1
33;1
34;1
35;1
36;1
37;1
38;0.966667
39;1
40;1
41;1
42;1
43;0.966667
44;1
45;1
46;1
47;1
48;1
49;1
50;1
51;1
52;1
53;0.966667
54;1
55;1
56;1
57;1
58;1
59;1
60;1
61;1
62;1
63;1
64;0.966667
65;1
66;1
67;1
68;0.966667
69;1
70;1
71;0.966667
72;1
73;1
74;1
75;1
76;1
77;0.966667
78;0.966667
79;1
80;1
81;1
82;1
83;1
84;0.966667
85;1
86;1
87;1
88;1
89;0.966667
90;1
91;1
92;1
93;1
94;1
95;1
96;1
97;1
98;0.966667
99;0.966667
100;1
101;1
102;1
103;0.966667
104;1
105;0.966667
106;1
107;1
108;1
109;1
110;1
111;1
112;0.966667
113;1
114;1
115;1
116;1
117;1
118;0.966667
119;1
120;1
121;1
122;1
123;1
124;1
125;1
126;1
127;1
128;1
129;1
130;0.966667
131;1
132;1
133;0.966667
134;1
135;0.966667
136;1
137;1
138;1
139;0.966667
140;0.966667
141;0.966667
142;1
143;0.966667
144;1
145;1
146;1
147;1
148;1
149;1
150;1
151;1
152;1
153;1
154;1
155;1
156;1
157;1
158;1
159;1
160;1
161;1
162;1
163;1
164;1
165;1
166;1
167;1
168;1
169;1
170;1
171;1
172;1
173;1
174;0.966667
175;0.966667
176;1
177;0.966667
178;1
179;1
180;1
181;1
182;0.966667
183;1
184;1
185;1
186;0.966667
187;1
188;1
189;1
190;1
191;1
192;1
193;0.966667
194;0.966667
195;1
196;1
197;1
198;1
199;1
200;0.966667
