day;m1
1;0.066667
2;0.266667
3;0.433333
4;0.6
5;0.733333
6;0.766667
7;0.866667
8;0.966667
9;1
10;1
11;0.966667
12;1
13;1
14;1
15;0.966667
16;1
17;0.966667
18;0.966667
19;1
20;1
21;1
22;0.966667
23;1
24;1
25;0.966667
26;0.966667
27;1
28;1
29;1
30;0.966667
31;1
32;1
33;1
34;1
35;1
36;1
37;1
38;1
39;0.966667
40;1
41;1
42;1
43;1
44;1
45;1
46;1
47;1
48;0.966667
49;0.966667
50;0.966667
51;0.966667
52;1
53;1
54;0.966667
55;1
56;0.966667
57;1
58;1
59;1
60;1
61;0.966667
62;1
63;1
64;1
65;1
66;1
67;0.966667
68;1
69;1
70;1
71;1
72;0.966667
73;0.966667
74;1
75;1
76;1
77;0.966667
78;1
79;1
80;1
81;1
82;1
83;1
84;0.966667
85;1
86;1
87;0.966667
88;1
89;1
90;1
91;1
92;1
93;1
94;0.966667
95;0.966667
96;1
97;1
98;1
99;1
100;1
101;1
102;1
103;1
104;1
105;1
106;1
107;1
108;1
109;1
110;1
111;1
112;0.966667
113;1
114;1
115;1
116;1
117;1
118;1
119;1
120;1
121;1
122;1
123;1
124;0.966667
125;1
126;1
127;1
128;1
129;1
130;1
131;1
132;1
133;1
134;1
135;1
136;1
137;1
138;0.966667
139;1
140;1
141;1
142;1
143;1
144;0.966667
145;1
146;1
147;1
148;1
149;1
150;0.966667
151;1
152;0.966667
153;1
154;1
155;1
156;1
157;1
158;1
159;1
160;1
161;0.966667
162;1
163;1
164;1
165;1
166;1
167;1
168;1
169;1
170;1
171;0.966667
172;0.966667
173;0.966667
174;0.966667
175;1
176;1
177;1
178;1
179;1
180;1
181;1
182;1
183;0.966667
184;1
185;1
186;0.966667
187;1
188;1
189;1
190;1
191;0.966667
192;1
193;1
194;1
195;0.966667
196;1
197;1
198;1
199;1
200;1
