day;m1
1;0.166667
2;0.266667
3;0.4
4;0.6
5;0.733333
6;0.833333
7;0.9
8;1
9;1
10;1
11;1
12;1
13;1
14;1
15;1
16;1
17;0.966667
18;1
19;0.966667
20;1
21;1
22;0.966667
23;1
24;1
25;0.966667
26;1
27;1
28;1
29;1
30;1
31;1
32;1
33;0.966667
34;1
35;1
36;0.966667
37;1
38;1
39;1
40;1
41;1
42;1
43;1
44;0.966667
45;0.966667
46;1
47;1
48;1
49;1
50;1
51;1
52;1
53;1
54;1
55;1
56;0.966667
57;1
58;0.966667
59;1
60;1
61;1
62;1
63;0.966667
64;1
65;1
66;0.966667
67;0.966667
68;1
69;1
70;1
71;1
72;1
73;1
74;0.966667
75;1
76;1
77;1
78;1
79;1
80;0.966667
81;1
82;1
83;1
84;1
85;1
86;0.966667
87;0.966667
88;1
89;0.966667
90;1
91;1
92;1
93;1
94;1
95;0.966667
96;1
97;1
98;0.966667
99;1
100;1
101;1
102;1
103;1
104;1
105;1
106;0.966667
107;1
108;0.966667
109;1
110;1
111;1
112;1
113;0.966667
114;1
115;1
116;1
117;1
118;1
119;1
120;1
121;1
122;1
123;1
124;1
125;1
126;0.966667
127;1
128;1
129;1
130;1
131;1
132;1
133;1
134;1
135;1
136;1
137;1
138;1
139;1
140;0.966667
141;0.966667
142;1
143;0.966667
144;0.966667
145;0.966667
146;1
147;0.966667
148;0.966667
149;1
150;1
151;0.966667
152;1
153;1
154;1
155;1
156;1
157;1
158;1
159;1
160;0.966667
161;1
162;1
163;1
164;1
165;1
166;1
167;1
168;1
169;1
170;1
171;1
172;1
173;1
174;0.966667
175;1
176;1
177;0.966667
178;0.966667
179;0.966667
180;1
181;0.966667
182;1
183;1
184;0.966667
185;1
186;1
187;0.966667
188;1
189;1
190;0.966667
191;1
192;0.966667
193;0.966667
194;1
195;1
196;1
197;1
198;1
199;1
200;1
