day;m1
1;0.166667
2;0.333333
3;0.366667
4;0.5
5;0.733333
6;0.833333
7;0.833333
8;0.966667
9;1
10;1
11;1
12;1
13;0.966667
14;1
15;1
16;1
17;1
18;0.966667
19;1
20;1
21;1
22;1
23;1
24;1
25;0.966667
26;1
27;1
28;1
29;0.966667
30;1
31;0.966667
32;1
33;1
34;1
35;1
36;1
37;1
38;1
39;1
40;1
41;0.966667
42;0.966667
43;1
44;1
45;1
46;1
47;1
48;1
49;1
50;1
51;0.966667
52;0.966667
53;1
54;0.966667
55;0.966667
56;1
57;1
58;0.966667
59;0.966667
60;0.966667
61;1
62;1
63;1
64;1
65;1
66;1
67;1
68;0.966667
69;1
70;1
71;1
72;0.966667
73;1
74;1
75;1
76;1
77;1
78;1
79;0.966667
80;1
81;1
82;1
83;1
84;0.966667
85;1
86;1
87;0.966667
88;1
89;1
90;1
91;0.966667
92;1
93;1
94;1
95;1
96;1
97;1
98;1
99;1
100;1
101;1
102;1
103;1
104;0.966667
105;1
106;1
107;1
108;0.966667
109;1
110;1
111;1
112;1
113;1
114;1
115;1
116;1
117;1
118;1
119;0.966667
120;1
121;0.966667
122;1
123;1
124;0.966667
125;1
126;1
127;0.966667
128;1
129;1
130;1
131;1
132;1
133;0.966667
134;1
135;1
136;1
137;0.966667
138;1
139;1
140;1
141;0.966667
142;1
143;1
144;1
145;1
146;1
147;0.966667
148;0.966667
149;0.966667
150;1
151;1
152;0.966667
153;1
154;1
155;1
156;0.966667
157;1
158;0.966667
159;1
160;1
161;1
162;1
163;1
164;1
165;1
166;0.966667
167;1
168;1
169;1
170;0.966667
171;1
172;1
173;1
174;1
175;1
176;1
177;0.966667
178;1
179;1
180;1
181;1
182;1
183;0.966667
184;1
185;1
186;0.966667
187;1
188;1
189;1
190;1
191;1
192;0.966667
193;1
194;1
195;0.966667
196;0.966667
197;1
198;0.966667
199;1
200;1
