day;m1
1;0.166667
2;0.333333
3;0.466667
4;0.6
5;0.666667
6;0.833333
7;1
8;1
9;1
10;1
11;0.966667
12;1
13;0.966667
14;1
15;1
16;0.966667
17;1
18;1
19;0.966667
20;1
21;1
22;1
23;0.966667
24;1
25;1
26;1
27;1
28;1
29;1
30;0.966667
31;1
32;1
33;1
34;1
35;1
36;1
37;0.966667
38;1
39;1
40;0.966667
41;1
42;1
43;1
44;0.966667
45;0.966667
46;1
47;0.966667
48;1
49;1
50;1
51;1
52;1
53;0.966667
54;1
55;1
56;1
57;1
58;1
59;1
60;1
61;1
62;1
63;1
64;1
65;0.966667
66;1
67;1
68;1
69;1
70;0.966667
71;0.966667
72;1
73;1
74;1
75;1
76;1
77;1
78;1
79;1
80;0.966667
81;1
82;1
83;0.966667
84;1
85;1
86;0.966667
87;1
88;1
89;1
90;1
91;1
92;1
93;1
94;0.966667
95;1
96;1
97;1
98;0.966667
99;1
100;1
101;1
102;1
103;0.966667
104;1
105;0.966667
106;1
107;1
108;1
109;1
110;1
111;1
112;1
113;1
114;0.966667
115;1
116;1
117;1
118;1
119;1
120;1
121;1
122;1
123;1
124;1
125;1
126;0.966667
127;1
128;1
129;1
130;1
131;1
132;1
133;0.966667
134;1
135;1
136;0.966667
137;1
138;0.966667
139;1
140;1
141;1
142;1
143;1
144;0.966667
145;1
146;1
147;1
148;0.966667
149;0.966667
150;0.966667
151;1
152;1
153;0.966667
154;1
155;1
156;0.966667
157;0.966667
158;1
159;1
160;0.966667
161;1
162;1
163;1
164;1
165;1
166;1
167;1
168;1
169;1
170;1
171;1
172;1
173;1
174;1
175;1
176;1
177;0.966667
178;1
179;0.966667
180;1
181;1
182;1
183;1
184;1
185;1
186;1
187;0.966667
188;1
189;1
190;1
191;1
192;1
193;1
194;0.966667
195;1
196;1
197;1
198;1
199;1
200;1
