day;m1
1;0.1
2;0.233333
3;0.433333
4;0.466667
5;0.633333
6;0.8
7;0.966667
8;1
9;1
10;0.966667
11;1
12;1
13;1
14;1
15;1
16;1
17;1
18;1
19;1
20;1
21;1
22;1
23;1
24;0.966667
25;1
26;1
27;1
28;1
29;1
30;1
31;0.966667
32;1
33;1
34;0.966667
35;1
36;1
37;1
38;0.966667
39;0.966667
40;0.966667
41;1
42;1
43;1
44;1
45;1
46;1
47;0.966667
48;0.966667
49;0.966667
50;0.966667
51;1
52;0.966667
53;1
54;1
55;1
56;1
57;0.966667
58;0.966667
59;1
60;1
61;1
62;0.966667
63;1
64;1
65;0.966667
66;0.966667
67;0.966667
68;0.966667
69;1
70;1
71;0.966667
72;1
73;1
74;0.966667
75;1
76;1
77;0.966667
78;1
79;1
80;1
81;1
82;1
83;1
84;1
85;1
86;1
87;1
88;0.966667
89;1
90;1
91;1
92;1
93;0.966667
94;1
95;1
96;1
97;1
98;0.966667
99;1
100;0.966667
101;1
102;1
103;1
104;1
105;1
106;1
107;1
108;1
109;1
110;1
111;1
112;1
113;1
114;0.966667
115;0.966667
116;1
117;1
118;1
119;0.966667
120;1
121;1
122;1
123;1
124;1
125;1
126;1
127;0.966667
128;1
129;1
130;0.966667
131;1
132;0.966667
133;1
134;0.966667
135;1
136;1
137;1
138;1
139;1
140;1
141;1
142;1
143;1
144;1
145;1
146;1
147;1
148;0.966667
149;1
150;1
151;1
152;1
153;0.966667
154;1
155;1
156;1
157;1
158;1
159;1
160;1
161;1
162;1
163;0.966667
164;0.966667
165;1
166;1
167;0.966667
168;1
169;1
170;1
171;0.966667
172;1
173;1
174;1
175;1
176;1
177;1
178;1
179;1
180;1
181;1
182;1
183;1
184;1
185;1
186;0.966667
187;1
188;0.966667
189;1
190;0.966667
191;1
192;1
193;1
194;1
195;0.966667
196;1
197;1
198;0.966667
199;0.966667
200;1
