day;m1
1;0.133333
2;0.2
3;0.333333
4;0.6
5;0.666667
6;0.766667
7;0.966667
8;1
9;1
10;1
11;0.966667
12;1
13;0.966667
14;0.966667
15;1
16;1
17;1
18;1
19;1
20;1
21;1
22;1
23;1
24;1
25;1
26;1
27;0.966667
28;0.966667
29;0.966667
30;1
31;0.966667
32;1
33;1
34;1
35;1
36;1
37;1
38;1
39;1
40;1
41;1
42;0.966667
43;1
44;1
45;1
46;1
47;1
48;1
49;1
50;1
51;1
52;1
53;1
54;1
55;1
56;1
57;1
58;1
59;1
60;0.966667
61;1
62;1
63;1
64;1
65;1
66;1
67;1
68;1
69;1
70;1
71;0.966667
72;1
73;1
74;1
75;0.966667
76;1
77;0.966667
78;1
79;1
80;1
81;1
82;0.966667
83;1
84;1
85;1
86;1
87;1
88;1
89;1
90;1
91;1
92;1
93;1
94;1
95;1
96;1
97;1
98;1
99;1
100;0.966667
101;1
102;1
103;1
104;1
105;1
106;1
107;0.966667
108;1
109;0.966667
110;1
111;1
112;1
113;1
114;1
115;1
116;0.966667
117;1
118;1
119;1
120;1
121;1
122;1
123;1
124;1
125;1
126;1
127;1
128;1
129;0.966667
130;0.966667
131;1
132;1
133;1
134;1
135;1
136;1
137;0.966667
138;1
139;1
140;1
141;1
142;1
143;0.966667
144;1
145;1
146;1
147;0.966667
148;1
149;1
150;1
151;0.966667
152;1
153;1
154;1
155;1
156;1
157;1
158;0.966667
159;0.966667
160;0.966667
161;1
162;1
163;1
164;1
165;1
166;0.966667
167;0.966667
168;1
169;1
170;0.966667
171;1
172;1
173;1
174;1
175;1
176;1
177;1
178;1
179;0.966667
180;1
181;1
182;1
183;1
184;1
185;1
186;1
187;1
188;0.966667
189;1
190;1
191;1
192;1
193;1
194;0.966667
195;1
196;1
197;0.966667
198;0.966667
199;1
200;0.966667
