day;m1
1;0.1
2;0.233333
3;0.433333
4;0.533333
5;0.666667
6;0.8
7;0.966667
8;0.966667
9;1
10;1
11;1
12;0.966667
13;0.966667
14;1
15;1
16;1
17;0.966667
18;1
19;1
20;1
21;0.966667
22;1
23;1
24;1
25;1
26;1
27;1
28;1
29;1
30;1
31;1
32;1
33;0.966667
34;1
35;1
36;1
37;1
38;0.966667
39;1
40;1
41;1
42;1
43;0.966667
44;0.966667
45;1
46;0.966667
47;1
48;1
49;1
50;1
51;1
52;1
53;1
54;1
55;1
56;1
57;1
58;1
59;1
60;1
61;1
62;1
63;1
64;0.966667
65;0.966667
66;1
67;0.966667
68;1
69;0.966667
70;0.966667
71;0.966667
72;1
73;1
74;0.966667
75;1
76;1
77;0.966667
78;1
79;1
80;1
81;1
82;1
83;1
84;1
85;1
86;1
87;1
88;1
89;1
90;1
91;1
92;1
93;1
94;1
95;0.966667
96;0.966667
97;1
98;0.966667
99;1
100;1
101;0.966667
102;1
103;1
104;1
105;1
106;0.966667
107;1
108;0.966667
109;1
110;1
111;0.966667
112;1
113;1
114;1
115;1
116;1
117;1
118;1
119;1
120;0.966667
121;1
122;1
123;1
124;1
125;1
126;1
127;0.966667
128;1
129;0.966667
130;0.966667
131;1
132;1
133;1
134;1
135;1
136;1
137;0.966667
138;1
139;1
140;1
141;1
142;0.966667
143;1
144;0.966667
145;1
146;1
147;0.966667
148;1
149;1
150;1
151;1
152;1
153;0.966667
154;1
155;1
156;0.966667
157;1
158;1
159;0.966667
160;1
161;1
162;1
163;1
164;1
165;1
166;0.966667
167;1
168;1
169;1
170;1
171;1
172;1
173;0.966667
174;1
175;1
176;0.966667
177;1
178;1
179;1
180;1
181;0.966667
182;0.966667
183;0.966667
184;0.966667
185;1
186;1
187;1
188;1
189;1
190;0.966667
191;1
192;1
193;1
194;1
195;1
196;1
197;1
198;1
199;1
200;1
