day;m1
1;0.166667
2;0.2
3;0.366667
4;0.5
5;0.633333
6;0.766667
7;0.866667
8;0.966667
9;1
10;1
11;1
12;1
13;0.966667
14;1
15;0.966667
16;1
17;1
18;1
19;1
20;1
21;1
22;1
23;1
24;1
25;0.966667
26;1
27;1
28;1
29;0.966667
30;1
31;1
32;1
33;1
34;0.966667
35;0.966667
36;1
37;1
38;1
39;1
40;1
41;1
42;1
43;1
44;1
45;1
46;1
47;1
48;1
49;1
50;1
51;1
52;1
53;1
54;1
55;0.966667
56;1
57;1
58;0.966667
59;1
60;0.966667
61;1
62;1
63;0.966667
64;0.966667
65;1
66;1
67;1
68;0.966667
69;0.966667
70;0.966667
71;1
72;0.966667
73;1
74;1
75;0.966667
76;1
77;1
78;1
79;1
80;1
81;1
82;0.966667
83;1
84;1
85;1
86;1
87;1
88;0.966667
89;0.966667
90;0.966667
91;1
92;0.966667
93;1
94;0.966667
95;1
96;1
97;1
98;1
99;0.966667
100;1
101;1
102;1
103;1
104;1
105;1
106;0.966667
107;1
108;0.966667
109;0.966667
110;1
111;1
112;1
113;1
114;1
115;1
116;0.966667
117;1
118;1
119;1
120;0.966667
121;1
122;1
123;1
124;1
125;1
126;1
127;1
128;1
129;1
130;0.966667
131;1
132;1
133;0.966667
134;1
135;1
136;1
137;1
138;1
139;1
140;1
141;1
142;1
143;1
144;1
145;0.966667
146;1
147;1
148;1
149;0.966667
150;1
151;1
152;1
153;1
154;0.966667
155;0.966667
156;1
157;1
158;0.966667
159;1
160;1
161;1
162;1
163;0.966667
164;1
165;1
166;1
167;1
168;1
169;1
170;1
171;1
172;1
173;1
174;1
175;0.966667
176;1
177;0.966667
178;1
179;1
180;0.966667
181;1
182;1
183;1
184;0.966667
185;1
186;0.966667
187;1
188;1
189;1
190;1
191;1
192;1
193;1
194;0.966667
195;0.966667
196;1
197;0.966667
198;1
199;1
200;1
