day;m1
1;0.066667
2;0.233333
3;0.433333
4;0.466667
5;0.633333
6;0.8
7;0.9
8;1
9;0.966667
10;1
11;1
12;1
13;1
14;1
15;1
16;1
17;1
18;0.966667
19;1
20;1
21;1
22;1
23;1
24;1
25;1
26;1
27;1
28;1
29;0.966667
30;1
31;1
32;1
33;1
34;1
35;1
36;1
37;1
38;1
39;1
40;1
41;1
42;1
43;1
44;1
45;1
46;0.966667
47;1
48;1
49;1
50;0.966667
51;1
52;1
53;0.966667
54;0.966667
55;0.966667
56;1
57;0.966667
58;0.966667
59;1
60;0.966667
61;0.966667
62;0.966667
63;0.966667
64;1
65;1
66;1
67;1
68;1
69;1
70;1
71;1
72;0.966667
73;1
74;1
75;1
76;1
77;0.966667
78;1
79;0.966667
80;1
81;1
82;0.966667
83;1
84;1
85;1
86;1
87;1
88;1
89;1
90;1
91;1
92;1
93;0.966667
94;1
95;1
96;1
97;0.966667
98;1
99;1
100;1
101;1
102;1
103;1
104;1
105;1
106;1
107;1
108;1
109;1
110;1
111;1
112;1
113;1
114;1
115;1
116;1
117;1
118;0.966667
119;0.966667
120;0.966667
121;0.966667
122;1
123;1
124;1
125;1
126;1
127;1
128;0.966667
129;1
130;1
131;1
132;1
133;1
134;1
135;1
136;1
137;1
138;1
139;1
140;1
141;1
142;1
143;0.966667
144;1
145;0.966667
146;1
147;1
148;1
149;1
150;1
151;1
152;1
153;0.966667
154;1
155;0.966667
156;0.966667
157;1
158;1
159;0.966667
160;1
161;1
162;1
163;1
164;0.966667
165;1
166;0.966667
167;1
168;1
169;1
170;0.966667
171;1
172;0.966667
173;0.966667
174;1
175;1
176;1
177;1
178;1
179;1
180;1
181;0.966667
182;1
183;1
184;1
185;1
186;1
187;1
188;1
189;1
190;0.966667
191;1
192;1
193;1
194;1
195;0.966667
196;1
197;0.966667
198;0.966667
199;1
200;0.966667
