day;m1
1;0.166667
2;0.266667
3;0.333333
4;0.433333
5;0.7
6;0.8
7;0.9
8;1
9;1
10;1
11;0.966667
12;1
13;1
14;1
15;0.966667
16;1
17;1
18;1
19;1
20;1
21;1
22;1
23;1
24;1
25;1
26;1
27;1
28;1
29;0.966667
30;1
31;1
32;1
33;1
34;1
35;1
36;1
37;1
38;0.966667
39;1
40;1
41;0.966667
42;1
43;1
44;1
45;1
46;1
47;1
48;1
49;1
50;1
51;0.966667
52;1
53;0.966667
54;1
55;1
56;1
57;1
58;1
59;1
60;1
61;1
62;1
63;1
64;1
65;1
66;1
67;1
68;1
69;1
70;0.966667
71;1
72;1
73;0.966667
74;0.966667
75;1
76;1
77;1
78;1
79;1
80;0.966667
81;1
82;0.966667
83;1
84;1
85;0.966667
86;0.966667
87;1
88;1
89;1
90;0.966667
91;1
92;0.966667
93;1
94;1
95;1
96;0.966667
97;1
98;0.966667
99;1
100;0.966667
101;1
102;1
103;1
104;1
105;1
106;0.966667
107;1
108;0.966667
109;1
110;1
111;0.966667
112;1
113;0.966667
114;1
115;1
116;1
117;1
118;1
119;1
120;1
121;1
122;1
123;1
124;1
125;1
126;0.966667
127;1
128;1
129;1
130;1
131;1
132;1
133;1
134;1
135;0.966667
136;1
137;1
138;1
139;1
140;1
141;1
142;1
143;0.966667
144;1
145;1
146;1
147;1
148;1
149;1
150;0.966667
151;1
152;1
153;1
154;1
155;1
156;1
157;0.966667
158;1
159;1
160;1
161;0.966667
162;1
163;1
164;0.966667
165;1
166;1
167;1
168;0.966667
169;1
170;1
171;1
172;1
173;1
174;0.966667
175;0.966667
176;1
177;1
178;1
179;1
180;1
181;1
182;1
183;0.966667
184;1
185;0.966667
186;1
187;1
188;0.966667
189;1
190;1
191;1
192;1
193;1
194;1
195;1
196;1
197;1
198;1
199;1
200;1
