day;m1
1;0.1
2;0.2
3;0.433333
4;0.6
5;0.733333
6;0.833333
7;1
8;1
9;1
10;1
11;0.966667
12;0.966667
13;1
14;1
15;1
16;0.966667
17;0.966667
18;1
19;1
20;1
21;1
22;1
23;0.966667
24;0.966667
25;1
26;1
27;0.966667
28;0.966667
29;1
30;1
31;1
32;1
33;1
34;1
35;1
36;1
37;1
38;0.966667
39;1
40;1
41;1
42;1
43;1
44;1
45;1
46;1
47;1
48;1
49;1
50;0.966667
51;1
52;1
53;0.966667
54;0.966667
55;1
56;0.966667
57;0.966667
58;0.966667
59;0.966667
60;1
61;1
62;1
63;1
64;0.966667
65;1
66;0.966667
67;1
68;1
69;1
70;1
71;0.966667
72;1
73;0.966667
74;1
75;1
76;0.966667
77;1
78;0.966667
79;0.966667
80;0.966667
81;0.966667
82;1
83;1
84;1
85;1
86;1
87;1
88;1
89;1
90;1
91;0.966667
92;0.966667
93;0.966667
94;1
95;1
96;0.966667
97;1
98;1
99;0.966667
100;1
101;1
102;0.966667
103;1
104;1
105;0.966667
106;1
107;0.966667
108;1
109;0.966667
110;0.966667
111;0.966667
112;1
113;0.966667
114;1
115;0.966667
116;0.966667
117;1
118;1
119;1
120;1
121;0.966667
122;1
123;0.966667
124;0.966667
125;0.966667
126;1
127;1
128;1
129;1
130;0.966667
131;1
132;1
133;1
134;1
135;1
136;1
137;1
138;1
139;1
140;1
141;1
142;1
143;1
144;1
145;0.966667
146;1
147;1
148;1
149;1
150;1
151;1
152;1
153;1
154;1
155;1
156;0.966667
157;1
158;1
159;1
160;1
161;0.966667
162;1
163;0.966667
164;1
165;1
166;1
167;1
168;1
169;1
170;0.966667
171;1
172;0.966667
173;0.966667
174;1
175;1
176;1
177;1
178;1
179;1
180;0.966667
181;1
182;1
183;0.966667
184;1
185;1
186;1
187;1
188;1
189;0.966667
190;1
191;0.966667
192;1
193;1
194;0.966667
195;0.966667
196;1
197;1
198;1
199;0.966667
200;1
