day;m1
1;0.166667
2;0.2
3;0.366667
4;0.666667
5;0.766667
6;0.8
7;0.9
8;1
9;1
10;1
11;1
12;1
13;1
14;1
15;1
16;1
17;1
18;1
19;1
20;1
21;0.966667
22;0.966667
23;0.966667
24;0.966667
25;1
26;1
27;1
28;0.966667
29;1
30;1
31;1
32;1
33;1
34;1
35;1
36;1
37;1
38;1
39;1
40;1
41;0.966667
42;1
43;0.966667
44;0.966667
45;1
46;1
47;0.966667
48;1
49;1
50;1
51;1
52;1
53;0.966667
54;0.966667
55;1
56;1
57;1
58;1
59;0.966667
60;1
61;1
62;1
63;0.966667
64;1
65;1
66;1
67;1
68;1
69;1
70;1
71;1
72;1
73;0.966667
74;0.966667
75;1
76;1
77;0.966667
78;1
79;1
80;1
81;1
82;1
83;1
84;1
85;1
86;1
87;1
88;1
89;0.966667
90;1
91;1
92;1
93;0.966667
94;1
95;0.966667
96;1
97;1
98;1
99;0.966667
100;1
101;1
102;1
103;0.966667
104;0.966667
105;1
106;1
107;1
108;1
109;0.966667
110;0.966667
111;1
112;1
113;1
114;1
115;0.966667
116;1
117;1
118;0.966667
119;1
120;1
121;1
122;1
123;1
124;1
125;1
126;1
127;0.966667
128;1
129;1
130;1
131;0.966667
132;1
133;0.966667
134;1
135;0.966667
136;1
137;1
138;1
139;1
140;0.966667
141;1
142;1
143;1
144;1
145;0.966667
146;1
147;1
148;0.966667
149;1
150;1
151;1
152;1
153;0.966667
154;1
155;1
156;1
157;1
158;1
159;0.966667
160;1
161;1
162;1
163;0.966667
164;1
165;1
166;1
167;1
168;1
169;1
170;1
171;1
172;1
173;0.966667
174;1
175;1
176;1
177;1
178;1
179;1
180;1
181;1
182;0.966667
183;0.966667
184;0.966667
185;1
186;1
187;1
188;0.966667
189;0.966667
190;1
191;1
192;1
193;0.966667
194;1
195;1
196;0.966667
197;1
198;1
199;1
200;1
