day;m1
1;0.1
2;0.2
3;0.366667
4;0.533333
5;0.7
6;0.766667
7;0.966667
8;1
9;1
10;1
11;1
12;1
13;0.966667
14;1
15;1
16;1
17;0.966667
18;1
19;1
20;1
21;0.966667
22;1
23;0.966667
24;1
25;1
26;0.966667
27;1
28;1
29;0.966667
30;1
31;0.966667
32;0.966667
33;1
34;1
35;1
36;1
37;1
38;1
39;1
40;1
41;1
42;1
43;1
44;1
45;0.966667
46;1
47;1
48;1
49;1
50;1
51;1
52;1
53;1
54;1
55;1
56;0.966667
57;1
58;0.966667
59;1
60;1
61;1
62;1
63;1
64;1
65;0.966667
66;1
67;1
68;1
69;1
70;1
71;1
72;0.966667
73;0.966667
74;1
75;1
76;1
77;0.966667
78;0.966667
79;1
80;1
81;1
82;1
83;1
84;1
85;1
86;1
87;1
88;1
89;0.966667
90;1
91;0.966667
92;1
93;1
94;0.966667
95;1
96;0.966667
97;1
98;1
99;1
100;1
101;1
102;1
103;0.966667
104;1
105;1
106;1
107;1
108;1
109;1
110;1
111;1
112;0.966667
113;1
114;1
115;1
116;0.966667
117;1
118;1
119;1
120;1
121;1
122;1
123;0.966667
124;1
125;1
126;1
127;1
128;1
129;1
130;1
131;1
132;1
133;0.966667
134;1
135;1
136;0.966667
137;1
138;1
139;0.966667
140;1
141;1
142;1
143;1
144;1
145;0.966667
146;1
147;1
148;1
149;1
150;1
151;1
152;1
153;1
154;0.966667
155;1
156;1
157;1
158;1
159;0.966667
160;1
161;1
162;0.966667
163;1
164;1
165;1
166;1
167;0.966667
168;0.966667
169;1
170;1
171;0.966667
172;1
173;1
174;1
175;1
176;0.966667
177;1
178;1
179;0.966667
180;1
181;1
182;0.966667
183;1
184;0.966667
185;1
186;0.966667
187;0.966667
188;1
189;1
190;1
191;1
192;0.966667
193;1
194;1
195;1
196;1
197;1
198;1
199;1
200;1
