day;m1
1;0.1
2;0.333333
3;0.5
4;0.533333
5;0.666667
6;0.8
7;0.933333
8;1
9;1
10;0.966667
11;1
12;1
13;1
14;1
15;1
16;0.966667
17;1
18;1
19;1
20;1
21;1
22;1
23;0.966667
24;1
25;1
26;0.966667
27;0.966667
28;1
29;1
30;1
31;1
32;1
33;1
34;1
35;1
36;1
37;1
38;1
39;1
40;1
41;1
42;1
43;1
44;1
45;1
46;1
47;1
48;0.966667
49;1
50;1
51;0.966667
52;0.966667
53;1
54;1
55;1
56;0.966667
57;1
58;1
59;1
60;1
61;0.966667
62;1
63;1
64;1
65;1
66;1
67;0.966667
68;1
69;1
70;0.966667
71;1
72;0.966667
73;1
74;0.966667
75;0.966667
76;1
77;1
78;1
79;1
80;1
81;1
82;1
83;0.966667
84;1
85;1
86;0.966667
87;1
88;1
89;1
90;1
91;1
92;0.966667
93;1
94;0.966667
95;1
96;0.966667
97;1
98;1
99;1
100;1
101;0.966667
102;1
103;1
104;0.966667
105;1
106;1
107;1
108;1
109;1
110;0.966667
111;1
112;1
113;1
114;1
115;1
116;1
117;1
118;0.966667
119;1
120;0.966667
121;1
122;1
123;1
124;0.966667
125;1
126;1
127;1
128;1
129;1
130;1
131;1
132;0.966667
133;0.966667
134;1
135;1
136;1
137;1
138;1
139;0.966667
140;0.966667
141;1
142;0.966667
143;1
144;1
145;1
146;0.966667
147;1
148;1
149;1
150;1
151;1
152;0.966667
153;1
154;1
155;1
156;1
157;1
158;0.966667
159;1
160;1
161;0.966667
162;1
163;1
164;1
165;1
166;1
167;1
168;1
169;0.966667
170;1
171;1
172;0.966667
173;0.966667
174;1
175;1
176;1
177;1
178;0.966667
179;0.966667
180;0.966667
181;0.966667
182;1
183;1
184;0.966667
185;1
186;1
187;0.966667
188;1
189;1
190;1
191;1
192;0.966667
193;0.966667
194;1
195;1
196;1
197;0.966667
198;1
199;1
200;1
