day;m1
1;0.1
2;0.233333
3;0.4
4;0.533333
5;0.633333
6;0.8
7;0.966667
8;1
9;1
10;0.966667
11;1
12;1
13;1
14;1
15;1
16;1
17;1
18;0.966667
19;0.966667
20;1
21;0.966667
22;1
23;1
24;1
25;1
26;0.966667
27;1
28;1
29;1
30;1
31;0.966667
32;0.966667
33;0.966667
34;0.966667
35;1
36;0.966667
37;0.966667
38;1
39;0.966667
40;0.966667
41;1
42;1
43;1
44;0.966667
45;0.966667
46;0.966667
47;1
48;0.966667
49;1
50;1
51;1
52;0.966667
53;1
54;1
55;1
56;1
57;0.966667
58;1
59;0.966667
60;1
61;1
62;1
63;1
64;1
65;1
66;1
67;1
68;1
69;1
70;0.966667
71;1
72;1
73;1
74;1
75;1
76;1
77;1
78;1
79;0.966667
80;1
81;1
82;1
83;1
84;0.966667
85;1
86;1
87;1
88;0.966667
89;0.966667
90;0.966667
91;1
92;1
93;1
94;0.966667
95;1
96;0.966667
97;1
98;1
99;1
100;1
101;1
102;1
103;1
104;1
105;1
106;0.966667
107;1
108;1
109;1
110;1
111;1
112;0.966667
113;1
114;1
115;0.966667
116;1
117;1
118;0.966667
119;0.966667
120;0.966667
121;1
122;1
123;1
124;1
125;1
126;1
127;1
128;0.966667
129;1
130;1
131;1
132;0.966667
133;0.966667
134;1
135;1
136;1
137;0.966667
138;1
139;1
140;1
141;0.966667
142;0.966667
143;1
144;1
145;1
146;1
147;1
148;1
149;1
150;0.966667
151;1
152;1
153;1
154;1
155;1
156;1
157;1
158;1
159;1
160;0.966667
161;0.966667
162;1
163;1
164;1
165;1
166;0.966667
167;1
168;1
169;1
170;1
171;0.966667
172;1
173;0.966667
174;1
175;1
176;1
177;1
178;1
179;1
180;1
181;0.966667
182;1
183;1
184;0.966667
185;0.966667
186;1
187;0.966667
188;1
189;1
190;1
191;1
192;1
193;1
194;1
195;1
196;1
197;1
198;1
199;0.966667
200;1
