day;m1
1;0.1
2;0.266667
3;0.4
4;0.533333
5;0.7
6;0.866667
7;0.966667
8;1
9;1
10;0.966667
11;0.966667
12;1
13;1
14;1
15;1
16;1
17;0.966667
18;1
19;1
20;0.966667
21;1
22;1
23;1
24;1
25;1
26;1
27;0.966667
28;0.966667
29;1
30;1
31;1
32;0.966667
33;0.966667
34;1
35;1
36;0.966667
37;1
38;1
39;1
40;0.966667
41;1
42;1
43;0.966667
44;1
45;1
46;1
47;0.966667
48;0.966667
49;0.966667
50;1
51;1
52;1
53;0.966667
54;1
55;1
56;1
57;0.966667
58;1
59;0.966667
60;1
61;1
62;1
63;0.966667
64;0.966667
65;0.966667
66;0.966667
67;1
68;1
69;1
70;1
71;1
72;0.966667
73;1
74;1
75;0.966667
76;0.966667
77;1
78;0.966667
79;1
80;1
81;1
82;1
83;1
84;1
85;1
86;1
87;1
88;1
89;1
90;1
91;1
92;1
93;0.966667
94;1
95;1
96;1
97;1
98;1
99;1
100;1
101;0.966667
102;1
103;1
104;1
105;0.966667
106;1
107;1
108;1
109;1
110;1
111;0.966667
112;1
113;1
114;0.966667
115;0.966667
116;1
117;1
118;1
119;1
120;1
121;1
122;1
123;1
124;1
125;1
126;1
127;1
128;1
129;0.966667
130;0.966667
131;0.966667
132;1
133;0.966667
134;1
135;1
136;1
137;1
138;1
139;1
140;1
141;1
142;1
143;1
144;1
145;1
146;1
147;1
148;1
149;1
150;1
151;1
152;1
153;1
154;1
155;1
156;1
157;1
158;1
159;1
160;1
161;1
162;1
163;1
164;1
165;1
166;1
167;1
168;1
169;1
170;0.966667
171;1
172;1
173;1
174;0.966667
175;1
176;1
177;1
178;1
179;1
180;1
181;0.966667
182;1
183;1
184;1
185;0.966667
186;1
187;1
188;1
189;1
190;1
191;0.966667
192;1
193;1
194;1
195;1
196;1
197;1
198;0.966667
199;1
200;1
