day;m1
1;0.1
2;0.233333
3;0.4
4;0.533333
5;0.6
6;0.8
7;1
8;1
9;0.966667
10;1
11;1
12;1
13;1
14;1
15;0.966667
16;1
17;0.966667
18;1
19;1
20;1
21;1
22;0.966667
23;0.966667
24;1
25;1
26;1
27;1
28;1
29;1
30;0.966667
31;1
32;1
33;1
34;1
35;1
36;1
37;0.966667
38;1
39;1
40;1
41;1
42;1
43;1
44;1
45;1
46;1
47;0.966667
48;1
49;1
50;1
51;1
52;1
53;0.966667
54;1
55;1
56;1
57;0.966667
58;0.966667
59;1
60;0.966667
61;1
62;1
63;1
64;1
65;1
66;0.966667
67;1
68;1
69;1
70;1
71;1
72;1
73;1
74;1
75;1
76;1
77;1
78;1
79;0.966667
80;1
81;1
82;1
83;0.966667
84;1
85;1
86;0.966667
87;0.966667
88;0.966667
89;1
90;1
91;1
92;1
93;0.966667
94;1
95;1
96;1
97;1
98;1
99;1
100;1
101;1
102;0.966667
103;1
104;1
105;1
106;1
107;1
108;1
109;1
110;1
111;1
112;1
113;1
114;1
115;1
116;0.966667
117;1
118;1
119;0.966667
120;1
121;1
122;1
123;1
124;1
125;0.966667
126;0.966667
127;1
128;1
129;0.966667
130;1
131;1
132;1
133;0.966667
134;1
135;1
136;1
137;1
138;1
139;1
140;1
141;1
142;1
143;0.966667
144;0.966667
145;1
146;1
147;1
148;0.966667
149;0.966667
150;1
151;1
152;1
153;0.966667
154;1
155;1
156;1
157;0.966667
158;0.966667
159;1
160;0.966667
161;1
162;1
163;1
164;1
165;1
166;1
167;1
168;1
169;1
170;1
171;1
172;1
173;1
174;1
175;1
176;0.966667
177;1
178;1
179;0.966667
180;1
181;1
182;1
183;1
184;0.966667
185;1
186;1
187;1
188;0.966667
189;1
190;1
191;1
192;1
193;1
194;1
195;1
196;1
197;1
198;0.966667
199;1
200;1
