day;m1
1;0.166667
2;0.2
3;0.366667
4;0.533333
5;0.666667
6;0.833333
7;1
8;1
9;1
10;1
11;1
12;1
13;1
14;1
15;1
16;1
17;1
18;1
19;1
20;0.966667
21;1
22;1
23;0.966667
24;0.966667
25;1
26;1
27;0.966667
28;1
29;1
30;1
31;1
32;1
33;1
34;0.966667
35;1
36;1
37;1
38;1
39;1
40;1
41;1
42;0.966667
43;0.966667
44;0.966667
45;0.966667
46;1
47;1
48;1
49;0.966667
50;0.966667
51;0.966667
52;1
53;1
54;1
55;0.966667
56;0.966667
57;0.966667
58;1
59;1
60;1
61;1
62;0.966667
63;1
64;1
65;1
66;1
67;1
68;1
69;0.966667
70;1
71;1
72;1
73;1
74;1
75;0.966667
76;1
77;1
78;0.966667
79;1
80;1
81;0.966667
82;1
83;1
84;1
85;1
86;0.966667
87;1
88;1
89;1
90;1
91;1
92;1
93;1
94;1
95;1
96;1
97;1
98;1
99;1
100;1
101;1
102;0.966667
103;1
104;1
105;1
106;1
107;1
108;1
109;1
110;1
111;0.966667
112;1
113;1
114;1
115;0.966667
116;1
117;1
118;1
119;1
120;1
121;1
122;1
123;1
124;1
125;0.966667
126;0.966667
127;1
128;1
129;1
130;0.966667
131;1
132;1
133;1
134;0.966667
135;1
136;1
137;1
138;1
139;1
140;1
141;0.966667
142;0.966667
143;0.966667
144;1
145;1
146;1
147;1
148;0.966667
149;1
150;1
151;1
152;1
153;1
154;1
155;1
156;1
157;1
158;0.966667
159;1
160;0.966667
161;0.966667
162;1
163;1
164;1
165;1
166;1
167;1
168;1
169;1
170;0.966667
171;1
172;1
173;1
174;1
175;1
176;0.966667
177;1
178;1
179;1
180;0.966667
181;1
182;1
183;1
184;0.966667
185;1
186;1
187;1
188;1
189;1
190;1
191;1
192;1
193;1
194;1
195;1
196;1
197;1
198;1
199;1
200;1
