day;m1
1;0.133333
2;0.233333
3;0.366667
4;0.533333
5;0.666667
6;0.866667
7;0.966667
8;1
9;1
10;1
11;1
12;1
13;0.966667
14;1
15;0.966667
16;1
17;1
18;1
19;1
20;1
21;1
22;1
23;1
24;1
25;1
26;0.966667
27;0.966667
28;1
29;0.966667
30;1
31;1
32;1
33;0.966667
34;1
35;1
36;1
37;1
38;0.966667
39;1
40;1
41;1
42;0.966667
43;1
44;0.966667
45;0.966667
46;1
47;0.966667
48;0.966667
49;0.966667
50;1
51;1
52;1
53;1
54;1
55;1
56;1
57;1
58;0.966667
59;1
60;1
61;1
62;1
63;1
64;1
65;1
66;1
67;1
68;1
69;1
70;1
71;1
72;1
73;1
74;1
75;1
76;1
77;1
78;0.966667
79;1
80;1
81;1
82;1
83;1
84;1
85;1
86;1
87;1
88;1
89;1
90;1
91;1
92;1
93;1
94;1
95;1
96;0.966667
97;0.966667
98;1
99;1
100;1
101;0.966667
102;1
103;0.966667
104;1
105;0.966667
106;0.966667
107;0.966667
108;1
109;1
110;0.966667
111;1
112;1
113;0.966667
114;1
115;0.966667
116;1
117;1
118;1
119;1
120;1
121;0.966667
122;0.966667
123;1
124;1
125;1
126;1
127;1
128;1
129;1
130;1
131;1
132;1
133;0.966667
134;1
135;0.966667
136;0.966667
137;1
138;0.966667
139;1
140;1
141;1
142;1
143;0.966667
144;1
145;1
146;0.966667
147;1
148;0.966667
149;1
150;1
151;1
152;1
153;1
154;0.966667
155;1
156;1
157;1
158;1
159;1
160;1
161;0.966667
162;1
163;1
164;1
165;1
166;1
167;1
168;1
169;1
170;1
171;1
172;0.966667
173;0.966667
174;1
175;1
176;1
177;1
178;1
179;1
180;1
181;0.966667
182;1
183;1
184;0.966667
185;1
186;1
187;0.966667
188;1
189;1
190;1
191;0.966667
192;1
193;1
194;1
195;1
196;1
197;1
198;1
199;1
200;0.966667
