day;m1
1;0.1
2;0.233333
3;0.4
4;0.533333
5;0.7
6;0.833333
7;1
8;1
9;1
10;0.966667
11;1
12;1
13;1
14;1
15;1
16;1
17;1
18;1
19;1
20;1
21;1
22;1
23;1
24;1
25;1
26;1
27;1
28;1
29;1
30;1
31;1
32;1
33;1
34;1
35;1
36;1
37;1
38;1
39;1
40;1
41;1
42;0.966667
43;1
44;1
45;1
46;1
47;1
48;1
49;0.966667
50;1
51;1
52;1
53;1
54;1
55;1
56;1
57;0.966667
58;1
59;1
60;1
61;1
62;1
63;1
64;1
65;0.966667
66;1
67;1
68;0.966667
69;1
70;1
71;1
72;1
73;1
74;1
75;1
76;1
77;0.966667
78;0.966667
79;1
80;0.966667
81;1
82;0.966667
83;1
84;1
85;1
86;1
87;1
88;1
89;1
90;1
91;0.966667
92;1
93;1
94;0.966667
95;1
96;0.966667
97;0.966667
98;1
99;1
100;1
101;0.966667
102;1
103;1
104;0.966667
105;1
106;0.966667
107;1
108;1
109;0.966667
110;1
111;1
112;1
113;0.966667
114;0.966667
115;1
116;0.966667
117;0.966667
118;1
119;0.966667
120;1
121;1
122;1
123;0.966667
124;1
125;1
126;1
127;0.966667
128;1
129;0.966667
130;1
131;1
132;1
133;1
134;1
135;0.966667
136;1
137;1
138;0.966667
139;1
140;1
141;1
142;1
143;1
144;1
145;1
146;1
147;0.966667
148;1
149;1
150;1
151;1
152;1
153;1
154;1
155;0.966667
156;1
157;1
158;1
159;1
160;1
161;1
162;1
163;1
164;1
165;0.966667
166;1
167;1
168;1
169;0.966667
170;1
171;1
172;1
173;1
174;1
175;0.966667
176;1
177;1
178;1
179;1
180;1
181;0.966667
182;0.966667
183;1
184;1
185;0.966667
186;1
187;0.966667
188;0.966667
189;0.966667
190;1
191;1
192;0.966667
193;1
194;1
195;1
196;0.966667
197;1
198;0.966667
199;1
200;0.966667
