day;m1
1;0.1
2;0.2
3;0.4
4;0.533333
5;0.7
6;0.866667
7;0.966667
8;1
9;0.966667
10;1
11;1
12;1
13;1
14;0.966667
15;0.966667
16;1
17;1
18;1
19;0.966667
20;1
21;1
22;1
23;1
24;1
25;0.966667
26;1
27;1
28;1
29;1
30;1
31;1
32;1
33;1
34;1
35;1
36;1
37;1
38;1
39;1
40;1
41;1
42;1
43;1
44;1
45;1
46;1
47;1
48;1
49;1
50;1
51;0.966667
52;1
53;1
54;1
55;1
56;0.966667
57;1
58;0.966667
59;1
60;1
61;0.966667
62;1
63;1
64;1
65;1
66;1
67;0.966667
68;1
69;0.966667
70;0.966667
71;1
72;1
73;1
74;0.966667
75;1
76;1
77;1
78;1
79;1
80;0.966667
81;1
82;1
83;1
84;1
85;0.966667
86;0.966667
87;1
88;1
89;0.966667
90;1
91;1
92;1
93;1
94;1
95;1
96;1
97;1
98;1
99;1
100;0.966667
101;1
102;0.966667
103;1
104;1
105;1
106;1
107;1
108;1
109;0.966667
110;1
111;1
112;1
113;1
114;1
115;1
116;1
117;0.966667
118;1
119;1
120;1
121;1
122;1
123;0.966667
124;0.966667
125;1
126;1
127;1
128;0.966667
129;1
130;0.966667
131;1
132;0.966667
133;1
134;1
135;1
136;1
137;0.966667
138;1
139;1
140;1
141;1
142;1
143;1
144;1
145;1
146;0.966667
147;1
148;1
149;1
150;0.966667
151;1
152;0.966667
153;1
154;1
155;1
156;0.966667
157;1
158;1
159;1
160;1
161;1
162;1
163;1
164;1
165;1
166;1
167;1
168;1
169;1
170;1
171;1
172;1
173;1
174;1
175;1
176;1
177;1
178;0.966667
179;0.966667
180;1
181;1
182;1
183;1
184;1
185;1
186;1
187;1
188;1
189;1
190;1
191;1
192;1
193;1
194;1
195;0.966667
196;1
197;1
198;0.966667
199;0.966667
200;1
