day;m1
1;0.133333
2;0.266667
3;0.433333
4;0.5
5;0.7
6;0.8
7;0.966667
8;1
9;1
10;1
11;1
12;1
13;1
14;1
15;1
16;1
17;0.966667
18;1
19;1
20;1
21;1
22;1
23;0.966667
24;0.966667
25;1
26;1
27;0.966667
28;0.966667
29;1
30;1
31;1
32;0.966667
33;1
34;1
35;1
36;1
37;1
38;1
39;0.966667
40;1
41;0.966667
42;1
43;0.966667
44;1
45;1
46;1
47;1
48;1
49;1
50;1
51;1
52;1
53;1
54;1
55;1
56;1
57;0.966667
58;1
59;0.966667
60;1
61;1
62;1
63;1
64;1
65;0.966667
66;1
67;1
68;1
69;1
70;1
71;1
72;0.966667
73;1
74;1
75;1
76;0.966667
77;1
78;1
79;1
80;1
81;0.966667
82;1
83;1
84;1
85;0.966667
86;1
87;1
88;1
89;1
90;0.966667
91;1
92;1
93;1
94;1
95;1
96;1
97;0.966667
98;0.966667
99;1
100;0.966667
101;1
102;1
103;1
104;1
105;0.966667
106;0.966667
107;1
108;1
109;0.966667
110;1
111;1
112;0.966667
113;1
114;1
115;0.966667
116;1
117;1
118;0.966667
119;0.966667
120;1
121;0.966667
122;1
123;1
124;1
125;1
126;1
127;1
128;1
129;0.966667
130;1
131;1
132;1
133;1
134;1
135;1
136;1
137;1
138;1
139;1
140;1
141;0.966667
142;1
143;1
144;1
145;1
146;0.966667
147;1
148;1
149;0.966667
150;1
151;1
152;1
153;1
154;1
155;1
156;1
157;1
158;0.966667
159;1
160;1
161;1
162;1
163;1
164;1
165;1
166;1
167;1
168;1
169;1
170;1
171;0.966667
172;1
173;0.966667
174;0.966667
175;0.966667
176;1
177;1
178;0.966667
179;1
180;1
181;1
182;0.966667
183;1
184;1
185;1
186;1
187;1
188;0.966667
189;0.966667
190;1
191;0.966667
192;1
193;1
194;1
195;1
196;0.966667
197;1
198;1
199;1
200;1
