day;m1
1;0.133333
2;0.266667
3;0.433333
4;0.533333
5;0.7
6;0.833333
7;1
8;0.966667
9;1
10;1
11;0.966667
12;1
13;0.966667
14;1
15;0.966667
16;1
17;1
18;1
19;1
20;1
21;1
22;1
23;1
24;1
25;1
26;1
27;0.966667
28;1
29;1
30;1
31;1
32;0.966667
33;1
34;1
35;0.966667
36;1
37;1
38;1
39;1
40;0.966667
41;1
42;1
43;0.966667
44;1
45;0.966667
46;0.966667
47;1
48;0.966667
49;1
50;0.966667
51;1
52;0.966667
53;1
54;1
55;1
56;1
57;0.966667
58;0.966667
59;1
60;1
61;1
62;1
63;1
64;0.966667
65;1
66;1
67;1
68;1
69;1
70;1
71;1
72;1
73;1
74;1
75;1
76;1
77;1
78;1
79;1
80;1
81;0.966667
82;1
83;1
84;1
85;1
86;1
87;1
88;0.966667
89;1
90;0.966667
91;1
92;1
93;0.966667
94;1
95;1
96;1
97;1
98;0.966667
99;1
100;0.966667
101;1
102;0.966667
103;1
104;1
105;1
106;0.966667
107;1
108;1
109;0.966667
110;1
111;1
112;0.966667
113;0.966667
114;0.966667
115;1
116;0.966667
117;1
118;1
119;1
120;1
121;1
122;1
123;0.966667
124;1
125;1
126;0.966667
127;1
128;1
129;1
130;1
131;1
132;1
133;1
134;1
135;1
136;0.966667
137;1
138;0.966667
139;0.966667
140;1
141;0.966667
142;1
143;1
144;1
145;1
146;1
147;1
148;1
149;0.966667
150;1
151;1
152;1
153;1
154;1
155;1
156;1
157;1
158;1
159;0.966667
160;1
161;1
162;1
163;1
164;1
165;1
166;1
167;0.966667
168;1
169;0.966667
170;1
171;1
172;0.966667
173;1
174;0.966667
175;1
176;0.966667
177;1
178;0.966667
179;1
180;1
181;0.966667
182;1
183;1
184;0.966667
185;0.966667
186;1
187;1
188;1
189;1
190;1
191;1
192;1
193;1
194;0.966667
195;0.966667
196;1
197;1
198;1
199;1
200;1
