day;m1
1;0.1
2;0.166667
3;0.366667
4;0.5
5;0.766667
6;0.866667
7;0.966667
8;1
9;1
10;1
11;1
12;0.966667
13;1
14;1
15;0.966667
16;1
17;0.966667
18;0.966667
19;1
20;0.966667
21;1
22;1
23;1
24;1
25;1
26;1
27;1
28;1
29;1
30;1
31;1
32;1
33;1
34;0.966667
35;0.966667
36;1
37;1
38;0.966667
39;1
40;1
41;0.966667
42;0.966667
43;1
44;1
45;1
46;0.966667
47;1
48;1
49;1
50;1
51;1
52;1
53;1
54;1
55;0.966667
56;1
57;1
58;1
59;1
60;0.966667
61;1
62;1
63;1
64;1
65;1
66;1
67;1
68;1
69;0.966667
70;1
71;1
72;1
73;1
74;1
75;1
76;0.966667
77;1
78;0.966667
79;1
80;1
81;0.966667
82;0.966667
83;1
84;1
85;1
86;1
87;1
88;0.966667
89;1
90;1
91;1
92;1
93;1
94;1
95;1
96;1
97;0.966667
98;1
99;1
100;1
101;1
102;1
103;1
104;1
105;1
106;1
107;1
108;0.966667
109;0.966667
110;1
111;1
112;1
113;1
114;1
115;1
116;1
117;1
118;1
119;0.966667
120;1
121;0.966667
122;1
123;1
124;0.966667
125;1
126;1
127;1
128;1
129;1
130;1
131;1
132;1
133;1
134;1
135;1
136;0.966667
137;0.966667
138;1
139;1
140;1
141;0.966667
142;1
143;0.966667
144;1
145;1
146;1
147;1
148;1
149;1
150;1
151;0.966667
152;1
153;1
154;0.966667
155;1
156;1
157;1
158;1
159;1
160;1
161;1
162;1
163;1
164;1
165;1
166;1
167;1
168;1
169;1
170;1
171;1
172;1
173;0.966667
174;1
175;1
176;1
177;0.966667
178;1
179;1
180;1
181;1
182;1
183;1
184;0.966667
185;1
186;0.966667
187;1
188;0.966667
189;1
190;1
191;1
192;0.966667
193;1
194;1
195;1
196;1
197;1
198;1
199;1
200;1
