day;m1
1;0.133333
2;0.233333
3;0.4
4;0.533333
5;0.633333
6;0.766667
7;1
8;0.966667
9;1
10;1
11;1
12;1
13;1
14;1
15;0.966667
16;1
17;0.966667
18;1
19;1
20;1
21;0.966667
22;1
23;1
24;0.966667
25;1
26;1
27;1
28;1
29;1
30;1
31;1
32;1
33;1
34;1
35;1
36;1
37;0.966667
38;1
39;1
40;1
41;0.966667
42;1
43;1
44;1
45;1
46;1
47;1
48;1
49;1
50;1
51;1
52;0.966667
53;1
54;0.966667
55;1
56;1
57;1
58;0.966667
59;1
60;1
61;1
62;1
63;1
64;1
65;0.966667
66;0.966667
67;1
68;1
69;1
70;1
71;1
72;1
73;1
74;1
75;1
76;0.966667
77;1
78;1
79;1
80;0.966667
81;1
82;0.966667
83;1
84;1
85;0.966667
86;1
87;1
88;0.966667
89;1
90;1
91;1
92;1
93;1
94;1
95;0.966667
96;1
97;0.966667
98;0.966667
99;1
100;1
101;1
102;1
103;0.966667
104;1
105;1
106;1
107;1
108;1
109;1
110;1
111;1
112;1
113;0.966667
114;0.966667
115;0.966667
116;1
117;1
118;1
119;0.966667
120;1
121;0.966667
122;1
123;1
124;1
125;1
126;1
127;1
128;1
129;1
130;1
131;1
132;1
133;1
134;1
135;1
136;1
137;1
138;1
139;1
140;0.966667
141;1
142;0.966667
143;1
144;1
145;1
146;0.966667
147;1
148;1
149;1
150;1
151;1
152;1
153;0.966667
154;1
155;1
156;0.966667
157;1
158;1
159;0.966667
160;1
161;1
162;1
163;1
164;1
165;0.966667
166;1
167;1
168;1
169;1
170;1
171;1
172;0.966667
173;1
174;1
175;0.966667
176;1
177;0.966667
178;1
179;1
180;1
181;1
182;1
183;1
184;0.966667
185;1
186;1
187;1
188;0.966667
189;1
190;1
191;0.966667
192;1
193;1
194;1
195;1
196;1
197;1
198;1
199;1
200;1
