day;m1
1;0.166667
2;0.2
3;0.4
4;0.533333
5;0.666667
6;0.866667
7;0.966667
8;1
9;1
10;1
11;1
12;1
13;0.966667
14;1
15;1
16;0.966667
17;1
18;1
19;1
20;1
21;1
22;1
23;1
24;0.966667
25;0.966667
26;1
27;1
28;1
29;0.966667
30;0.966667
31;1
32;1
33;1
34;1
35;1
36;1
37;1
38;1
39;1
40;1
41;0.966667
42;1
43;1
44;1
45;1
46;0.966667
47;1
48;1
49;1
50;0.966667
51;1
52;0.966667
53;0.966667
54;0.966667
55;0.966667
56;1
57;1
58;0.966667
59;0.966667
60;0.966667
61;0.966667
62;1
63;0.966667
64;1
65;1
66;1
67;1
68;1
69;1
70;0.966667
71;0.966667
72;1
73;1
74;1
75;0.966667
76;0.966667
77;0.966667
78;1
79;1
80;1
81;1
82;1
83;1
84;1
85;0.966667
86;1
87;1
88;1
89;1
90;0.966667
91;1
92;1
93;1
94;1
95;1
96;0.966667
97;0.966667
98;1
99;1
100;1
101;1
102;1
103;1
104;1
105;0.966667
106;1
107;1
108;0.966667
109;1
110;1
111;1
112;1
113;1
114;1
115;1
116;1
117;1
118;1
119;1
120;1
121;1
122;1
123;1
124;1
125;0.966667
126;1
127;0.966667
128;1
129;1
130;0.966667
131;1
132;1
133;1
134;0.966667
135;1
136;1
137;0.966667
138;0.966667
139;1
140;1
141;1
142;1
143;1
144;1
145;1
146;1
147;1
148;1
149;1
150;0.966667
151;1
152;1
153;0.966667
154;1
155;1
156;0.966667
157;1
158;1
159;1
160;1
161;1
162;1
163;0.966667
164;1
165;0.966667
166;1
167;1
168;1
169;0.966667
170;1
171;1
172;0.966667
173;1
174;1
175;0.966667
176;1
177;0.966667
178;0.966667
179;1
180;1
181;0.966667
182;0.966667
183;1
184;1
185;1
186;1
187;1
188;0.966667
189;1
190;1
191;1
192;1
193;1
194;0.966667
195;1
196;1
197;1
198;1
199;1
200;1
