day;m1
1;0.1
2;0.133333
3;0.2
4;0.3
5;0.366667
6;0.433333
7;0.533333
8;0.566667
9;0.633333
10;0.7
11;0.8
12;0.9
13;1
14;1
15;0.966667
16;0.966667
17;1
18;1
19;0.966667
20;1
21;0.966667
22;1
23;1
24;1
25;1
26;1
27;0.966667
28;1
29;1
30;0.966667
31;0.966667
32;0.966667
33;1
34;1
35;1
36;1
37;1
38;1
39;1
40;1
41;1
42;1
43;1
44;1
45;1
46;1
47;1
48;1
49;0.966667
50;1
