day;m1
1;0.1
2;0.166667
3;0.266667
4;0.3
5;0.4
6;0.466667
7;0.533333
8;0.566667
9;0.633333
10;0.8
11;0.866667
12;0.9
13;0.966667
14;1
15;1
16;1
17;1
18;0.966667
19;1
20;1
21;0.966667
22;0.966667
23;0.966667
24;1
25;1
26;1
27;1
28;1
29;1
30;1
31;1
32;1
33;1
34;1
35;0.966667
36;0.966667
37;1
38;1
39;1
40;1
41;1
42;0.966667
43;0.966667
44;1
45;1
46;0.966667
47;0.966667
48;1
49;1
50;0.966667
