day;m1
1;0.1
2;0.166667
3;0.266667
4;0.3
5;0.366667
6;0.433333
7;0.5
8;0.6
9;0.6
10;0.7
11;0.8
12;0.933333
13;0.966667
14;1
15;1
16;1
17;1
18;0.966667
19;1
20;1
21;1
22;1
23;1
24;1
25;1
26;1
27;0.966667
28;1
29;1
30;1
31;0.966667
32;1
33;1
34;1
35;1
36;1
37;1
38;1
39;1
40;1
41;1
42;1
43;1
44;1
45;1
46;0.966667
47;0.966667
48;1
49;1
50;1
