day;m1
1;0.1
2;0.133333
3;0.233333
4;0.3
5;0.333333
6;0.433333
7;0.466667
8;0.6
9;0.666667
10;0.7
11;0.8
12;0.933333
13;1
14;1
15;1
16;1
17;1
18;1
19;1
20;1
21;1
22;1
23;0.966667
24;1
25;0.966667
26;1
27;1
28;1
29;1
30;1
31;1
32;1
33;0.966667
34;1
35;1
36;1
37;1
38;0.966667
39;1
40;1
41;1
42;1
43;0.966667
44;1
45;1
46;1
47;1
48;1
49;0.966667
50;1
