day;m1
1;0.1
2;0.166667
3;0.266667
4;0.333333
5;0.4
6;0.433333
7;0.5
8;0.533333
9;0.633333
10;0.766667
11;0.8
12;0.9
13;0.966667
14;1
15;0.966667
16;1
17;1
18;1
19;1
20;0.966667
21;1
22;1
23;0.966667
24;0.966667
25;1
26;0.966667
27;1
28;1
29;1
30;0.966667
31;1
32;1
33;1
34;1
35;1
36;0.966667
37;1
38;1
39;1
40;1
41;1
42;0.966667
43;0.966667
44;1
45;1
46;0.966667
47;0.966667
48;1
49;1
50;1
