day;m1
1;0.1
2;0.133333
3;0.233333
4;0.3
5;0.366667
6;0.433333
7;0.5
8;0.566667
9;0.633333
10;0.733333
11;0.866667
12;0.966667
13;1
14;1
15;1
16;1
17;1
18;1
19;1
20;1
21;1
22;1
23;1
24;1
25;1
26;1
27;1
28;1
29;0.966667
30;1
31;1
32;1
33;0.966667
34;1
35;1
36;1
37;1
38;0.966667
39;1
40;1
41;1
42;0.966667
43;1
44;1
45;0.966667
46;1
47;1
48;1
49;1
50;1
