day;m1
1;0.066667
2;0.2
3;0.233333
4;0.3
5;0.366667
6;0.4
7;0.5
8;0.566667
9;0.633333
10;0.7
11;0.866667
12;1
13;1
14;1
15;1
16;1
17;1
18;1
19;0.966667
20;1
21;1
22;1
23;0.966667
24;1
25;0.966667
26;1
27;1
28;1
29;0.966667
30;1
31;1
32;0.966667
33;1
34;1
35;0.966667
36;1
37;0.966667
38;1
39;0.966667
40;1
41;1
42;1
43;1
44;1
45;1
46;1
47;1
48;1
49;1
50;1
