day;m1
1;0.1
2;0.133333
3;0.266667
4;0.3
5;0.4
6;0.466667
7;0.5
8;0.566667
9;0.633333
10;0.733333
11;0.766667
12;0.866667
13;0.933333
14;1
15;1
16;1
17;1
18;1
19;1
20;0.966667
21;1
22;0.966667
23;1
24;1
25;0.966667
26;1
27;1
28;1
29;1
30;1
31;1
32;1
33;0.966667
34;1
35;0.966667
36;1
37;1
38;1
39;0.966667
40;1
41;1
42;0.966667
43;1
44;1
45;0.966667
46;1
47;0.966667
48;1
49;1
50;0.966667
