day;m1
1;0.1
2;0.166667
3;0.266667
4;0.3
5;0.4
6;0.466667
7;0.533333
8;0.566667
9;0.6
10;0.7
11;0.833333
12;0.933333
13;1
14;1
15;1
16;0.966667
17;1
18;0.966667
19;1
20;1
21;1
22;0.966667
23;1
24;1
25;1
26;1
27;1
28;1
29;1
30;1
31;1
32;1
33;1
34;0.966667
35;1
36;1
37;1
38;0.966667
39;1
40;1
41;0.966667
42;0.966667
43;1
44;0.966667
45;1
46;1
47;1
48;1
49;1
50;1
