day;m1
1;0.066667
2;0.166667
3;0.266667
4;0.333333
5;0.4
6;0.4
7;0.5
8;0.566667
9;0.633333
10;0.766667
11;0.833333
12;0.933333
13;1
14;1
15;0.966667
16;1
17;1
18;1
19;0.966667
20;1
21;1
22;1
23;1
24;1
25;1
26;1
27;1
28;1
29;0.966667
30;1
31;1
32;1
33;1
34;1
35;1
36;1
37;1
38;1
39;1
40;1
41;1
42;0.966667
43;1
44;1
45;0.966667
46;1
47;1
48;1
49;1
50;1
