day;m1
1;0.066667
2;0.133333
3;0.233333
4;0.266667
5;0.333333
6;0.466667
7;0.5
8;0.533333
9;0.666667
10;0.733333
11;0.833333
12;0.9
13;0.966667
14;1
15;1
16;1
17;0.966667
18;1
19;0.966667
20;1
21;1
22;1
23;1
24;1
25;1
26;1
27;1
28;0.966667
29;1
30;1
31;1
32;1
33;1
34;0.966667
35;1
36;1
37;1
38;1
39;0.966667
40;1
41;1
42;1
43;1
44;1
45;1
46;0.966667
47;1
48;1
49;1
50;1
