day;m1
1;0.1
2;0.166667
3;0.266667
4;0.266667
5;0.4
6;0.466667
7;0.533333
8;0.533333
9;0.633333
10;0.733333
11;0.766667
12;0.9
13;1
14;1
15;0.966667
16;0.966667
17;1
18;0.966667
19;1
20;1
21;1
22;1
23;0.966667
24;1
25;1
26;1
27;1
28;1
29;1
30;1
31;1
32;1
33;1
34;1
35;1
36;1
37;1
38;1
39;1
40;1
41;1
42;1
43;1
44;0.966667
45;0.966667
46;1
47;1
48;1
49;0.966667
50;1
