day;m1
1;0.1
2;0.166667
3;0.233333
4;0.333333
5;0.4
6;0.433333
7;0.466667
8;0.566667
9;0.666667
10;0.766667
11;0.8
12;0.9
13;1
14;1
15;0.966667
16;1
17;1
18;0.966667
19;0.966667
20;1
21;1
22;1
23;1
24;1
25;1
26;1
27;1
28;0.966667
29;1
30;1
31;1
32;1
33;1
34;0.966667
35;1
36;1
37;0.966667
38;1
39;1
40;1
41;1
42;1
43;1
44;1
45;0.966667
46;1
47;1
48;1
49;0.966667
50;0.966667
