day;m1
1;0.066667
2;0.133333
3;0.266667
4;0.3
5;0.4
6;0.433333
7;0.533333
8;0.533333
9;0.666667
10;0.766667
11;0.833333
12;0.9
13;0.966667
14;1
15;1
16;0.966667
17;1
18;1
19;0.966667
20;1
21;1
22;1
23;1
24;0.966667
25;1
26;1
27;1
28;1
29;0.966667
30;1
31;1
32;1
33;1
34;1
35;1
36;1
37;1
38;1
39;0.966667
40;1
41;1
42;1
43;1
44;1
45;1
46;1
47;1
48;1
49;0.966667
50;1
