day;m1
1;0.1
2;0.133333
3;0.2
4;0.3
5;0.366667
6;0.433333
7;0.5
8;0.6
9;0.666667
10;0.766667
11;0.866667
12;1
13;0.966667
14;0.966667
15;1
16;1
17;0.966667
18;1
19;1
20;1
21;0.966667
22;1
23;1
24;0.966667
25;0.966667
26;1
27;1
28;0.966667
29;1
30;1
31;0.966667
32;1
33;1
34;1
35;1
36;0.966667
37;1
38;1
39;1
40;1
41;1
42;1
43;1
44;0.966667
45;0.966667
46;1
47;1
48;1
49;1
50;1
