day;m1
1;0.1
2;0.133333
3;0.2
4;0.3
5;0.366667
6;0.466667
7;0.5
8;0.566667
9;0.7
10;0.733333
11;0.833333
12;0.933333
13;0.966667
14;0.966667
15;1
16;1
17;1
18;1
19;0.966667
20;1
21;1
22;1
23;0.966667
24;1
25;1
26;1
27;0.966667
28;1
29;1
30;1
31;1
32;1
33;1
34;1
35;0.966667
36;1
37;0.966667
38;1
39;1
40;1
41;1
42;1
43;1
44;1
45;1
46;0.966667
47;0.966667
48;1
49;0.966667
50;1
