day;m1
1;0.066667
2;0.2
3;0.233333
4;0.3
5;0.366667
6;0.433333
7;0.5
8;0.566667
9;0.7
10;0.8
11;0.833333
12;0.9
13;0.933333
14;1
15;1
16;1
17;1
18;0.966667
19;1
20;1
21;1
22;1
23;1
24;1
25;0.966667
26;0.966667
27;1
28;1
29;1
30;1
31;1
32;0.966667
33;1
34;0.966667
35;1
36;1
37;1
38;1
39;0.966667
40;1
41;1
42;1
43;1
44;0.966667
45;1
46;1
47;1
48;1
49;0.966667
50;1
