day;m1
1;0.1
2;0.133333
3;0.266667
4;0.3
5;0.333333
6;0.4
7;0.5
8;0.566667
9;0.7
10;0.8
11;0.833333
12;0.866667
13;0.933333
14;1
15;1
16;0.966667
17;1
18;0.966667
19;1
20;1
21;1
22;0.966667
23;1
24;1
25;0.966667
26;1
27;0.966667
28;0.966667
29;1
30;1
31;1
32;1
33;1
34;1
35;1
36;1
37;1
38;1
39;1
40;1
41;1
42;1
43;1
44;1
45;1
46;0.966667
47;0.966667
48;1
49;1
50;1
