day;m1
1;0.1
2;0.166667
3;0.233333
4;0.3
5;0.333333
6;0.4
7;0.5
8;0.566667
9;0.666667
10;0.8
11;0.866667
12;0.9
13;0.966667
14;0.966667
15;1
16;0.966667
17;1
18;1
19;0.966667
20;1
21;0.966667
22;1
23;1
24;1
25;1
26;1
27;1
28;1
29;1
30;0.966667
31;0.966667
32;1
33;0.966667
34;1
35;1
36;0.966667
37;0.966667
38;1
39;1
40;0.966667
41;1
42;1
43;1
44;1
45;0.966667
46;0.966667
47;1
48;1
49;0.966667
50;1
