day;m1
1;0.1
2;0.2
3;0.233333
4;0.3
5;0.366667
6;0.4
7;0.5
8;0.6
9;0.633333
10;0.733333
11;0.866667
12;0.9
13;0.966667
14;1
15;1
16;1
17;1
18;1
19;0.966667
20;1
21;0.966667
22;1
23;1
24;0.966667
25;1
26;1
27;1
28;1
29;1
30;1
31;1
32;1
33;1
34;1
35;1
36;1
37;1
38;1
39;1
40;1
41;0.966667
42;1
43;1
44;1
45;1
46;1
47;0.966667
48;1
49;1
50;0.966667
