day;m1
1;0.1
2;0.1
3;0.266667
4;0.3
5;0.4
6;0.466667
7;0.533333
8;0.566667
9;0.6
10;0.733333
11;0.833333
12;0.9
13;1
14;1
15;1
16;0.966667
17;1
18;1
19;1
20;1
21;1
22;1
23;1
24;1
25;1
26;1
27;0.966667
28;1
29;1
30;1
31;1
32;1
33;1
34;1
35;1
36;1
37;1
38;1
39;0.966667
40;0.966667
41;1
42;0.966667
43;1
44;1
45;1
46;1
47;0.966667
48;1
49;1
50;1
