day;m1
1;0.1
2;0.166667
3;0.233333
4;0.3
5;0.4
6;0.433333
7;0.533333
8;0.566667
9;0.666667
10;0.733333
11;0.833333
12;0.933333
13;1
14;1
15;0.966667
16;1
17;1
18;1
19;1
20;1
21;1
22;1
23;1
24;1
25;0.966667
26;0.966667
27;0.966667
28;1
29;1
30;1
31;1
32;1
33;0.966667
34;1
35;0.966667
36;1
37;1
38;1
39;1
40;0.966667
41;1
42;1
43;1
44;1
45;0.966667
46;0.966667
47;1
48;0.966667
49;1
50;1
