day;m1
1;0.066667
2;0.133333
3;0.233333
4;0.333333
5;0.4
6;0.433333
7;0.5
8;0.6
9;0.7
10;0.733333
11;0.8
12;0.866667
13;0.933333
14;1
15;1
16;1
17;1
18;1
19;1
20;1
21;1
22;1
23;1
24;1
25;1
26;1
27;1
28;1
29;1
30;1
31;1
32;1
33;1
34;1
35;1
36;1
37;1
38;1
39;1
40;0.966667
41;1
42;1
43;1
44;1
45;0.966667
46;1
47;1
48;0.966667
49;1
50;1
