day;m1
1;0.1
2;0.133333
3;0.233333
4;0.3
5;0.366667
6;0.466667
7;0.5
8;0.566667
9;0.666667
10;0.733333
11;0.833333
12;0.866667
13;0.933333
14;1
15;1
16;0.966667
17;1
18;1
19;1
20;1
21;0.966667
22;0.966667
23;0.966667
24;1
25;1
26;1
27;1
28;0.966667
29;1
30;0.966667
31;0.966667
32;1
33;1
34;1
35;0.966667
36;0.966667
37;1
38;1
39;1
40;1
41;1
42;1
43;1
44;0.966667
45;1
46;1
47;1
48;1
49;0.966667
50;1
