day;m1
1;0.066667
2;0.166667
3;0.2
4;0.3
5;0.333333
6;0.433333
7;0.5
8;0.6
9;0.6
10;0.7
11;0.866667
12;1
13;1
14;1
15;1
16;1
17;1
18;0.966667
19;1
20;1
21;1
22;1
23;0.966667
24;1
25;1
26;0.966667
27;1
28;1
29;1
30;1
31;1
32;1
33;1
34;1
35;1
36;1
37;1
38;1
39;1
40;1
41;1
42;1
43;1
44;1
45;0.966667
46;1
47;1
48;1
49;1
50;1
