day;m1
1;0.066667
2;0.133333
3;0.2
4;0.3
5;0.4
6;0.433333
7;0.533333
8;0.533333
9;0.6
10;0.733333
11;0.833333
12;0.9
13;0.966667
14;1
15;1
16;0.966667
17;1
18;1
19;1
20;1
21;0.966667
22;1
23;0.966667
24;1
25;1
26;1
27;1
28;1
29;1
30;1
31;0.966667
32;1
33;0.966667
34;1
35;1
36;1
37;1
38;1
39;1
40;1
41;1
42;0.966667
43;1
44;0.966667
45;1
46;1
47;1
48;1
49;1
50;1
