day;m1
1;0.066667
2;0.2
3;0.233333
4;0.3
5;0.333333
6;0.466667
7;0.5
8;0.6
9;0.7
10;0.7
11;0.8
12;0.866667
13;0.9
14;1
15;1
16;1
17;1
18;1
19;1
20;1
21;0.966667
22;1
23;1
24;0.966667
25;1
26;1
27;1
28;1
29;1
30;1
31;0.966667
32;1
33;1
34;1
35;1
36;0.966667
37;0.966667
38;1
39;1
40;1
41;1
42;1
43;1
44;1
45;1
46;1
47;1
48;1
49;1
50;1
