day;m1
1;0.166667
2;0.2
3;0.333333
4;0.466667
5;0.633333
6;0.8
7;0.9
8;1
9;0.966667
10;0.966667
11;1
12;1
13;1
14;0.966667
15;0.966667
16;0.966667
17;1
18;1
19;1
20;0.966667
21;1
22;1
23;1
24;1
25;0.966667
26;1
27;1
28;0.966667
29;0.966667
30;1
31;1
32;1
33;0.966667
34;1
35;1
36;1
37;1
38;1
39;1
40;0.966667
41;1
42;1
43;1
44;1
45;1
46;1
47;1
48;0.966667
49;0.966667
50;1
51;0.966667
52;1
53;0.966667
54;1
55;1
56;1
57;0.966667
58;0.966667
59;1
60;0.966667
61;0.966667
62;1
63;1
64;1
65;1
66;0.966667
67;1
68;1
69;1
70;1
71;1
72;1
73;1
74;1
75;1
76;0.966667
77;1
78;1
79;1
80;0.966667
81;0.966667
82;1
83;1
84;1
85;0.966667
86;1
87;1
88;0.966667
89;1
90;1
91;1
92;1
93;1
94;1
95;1
96;1
97;1
98;0.966667
99;1
100;1
101;1
102;1
103;1
104;1
105;1
106;1
107;0.966667
108;0.966667
109;0.966667
110;1
111;1
112;0.966667
113;1
114;0.966667
115;1
116;1
117;0.966667
118;0.966667
119;1
120;1
121;1
122;1
123;0.966667
124;0.966667
125;1
126;1
127;1
128;1
129;0.966667
130;1
131;1
132;1
133;1
134;1
135;1
136;0.966667
137;1
138;1
139;1
140;1
141;1
142;1
143;1
144;1
145;1
146;0.966667
147;1
148;1
149;1
150;1
151;0.966667
152;1
153;1
154;1
155;1
156;0.966667
157;0.966667
158;1
159;1
160;1
161;1
162;0.966667
163;1
164;1
165;1
166;1
167;1
168;1
169;1
170;1
171;1
172;1
173;1
174;1
175;1
176;1
177;1
178;1
179;1
180;1
181;1
182;1
183;0.966667
184;1
185;1
186;1
187;1
188;1
189;0.966667
190;1
191;1
192;1
193;1
194;1
195;1
196;1
197;1
198;0.966667
199;1
200;1
