day;m1
1;0.1
2;0.266667
3;0.433333
4;0.566667
5;0.633333
6;0.8
7;1
8;1
9;1
10;0.966667
11;1
12;1
13;0.966667
14;1
15;1
16;0.966667
17;1
18;1
19;1
20;1
21;0.966667
22;1
23;0.966667
24;1
25;1
26;1
27;1
28;1
29;0.966667
30;0.966667
31;1
32;1
33;1
34;1
35;1
36;1
37;1
38;1
39;1
40;1
41;1
42;1
43;1
44;1
45;1
46;0.966667
47;1
48;1
49;1
50;1
51;1
52;1
53;1
54;1
55;1
56;1
57;1
58;0.966667
59;1
60;0.966667
61;1
62;1
63;0.966667
64;1
65;1
66;1
67;1
68;0.966667
69;1
70;1
71;0.966667
72;0.966667
73;1
74;1
75;1
76;1
77;1
78;1
79;1
80;0.966667
81;0.966667
82;0.966667
83;1
84;0.966667
85;1
86;1
87;1
88;1
89;1
90;1
91;1
92;1
93;1
94;1
95;1
96;0.966667
97;1
98;1
99;1
100;1
101;1
102;1
103;0.966667
104;1
105;0.966667
106;1
107;1
108;1
109;0.966667
110;1
111;1
112;1
113;0.966667
114;0.966667
115;0.966667
116;1
117;1
118;1
119;1
120;0.966667
121;1
122;1
123;1
124;1
125;1
126;1
127;1
128;1
129;1
130;1
131;1
132;1
133;0.966667
134;1
135;1
136;1
137;1
138;1
139;1
140;0.966667
141;0.966667
142;1
143;1
144;1
145;1
146;1
147;1
148;1
149;1
150;1
151;1
152;0.966667
153;1
154;1
155;1
156;1
157;1
158;1
159;1
160;1
161;1
162;1
163;1
164;0.966667
165;1
166;1
167;1
168;1
169;1
170;1
171;1
172;1
173;1
174;1
175;1
176;1
177;1
178;1
179;1
180;0.966667
181;1
182;1
183;1
184;1
185;1
186;1
187;0.966667
188;1
189;1
190;1
191;1
192;0.966667
193;1
194;1
195;1
196;1
197;1
198;1
199;1
200;0.966667
