day;m1
1;0.166667
2;0.266667
3;0.366667
4;0.6
5;0.766667
6;0.8
7;0.9
8;1
9;1
10;1
11;1
12;1
13;1
14;1
15;1
16;1
17;1
18;1
19;1
20;0.966667
21;1
22;0.966667
23;1
24;0.966667
25;1
26;1
27;0.966667
28;1
29;1
30;1
31;1
32;1
33;1
34;1
35;1
36;1
37;0.966667
38;1
39;1
40;0.966667
41;1
42;1
43;0.966667
44;1
45;1
46;0.966667
47;1
48;0.966667
49;1
50;1
51;1
52;0.966667
53;1
54;0.966667
55;1
56;0.966667
57;1
58;0.966667
59;1
60;1
61;1
62;1
63;1
64;0.966667
65;0.966667
66;1
67;1
68;1
69;0.966667
70;1
71;1
72;1
73;1
74;0.966667
75;1
76;0.966667
77;1
78;1
79;1
80;1
81;0.966667
82;1
83;1
84;0.966667
85;1
86;1
87;1
88;1
89;1
90;1
91;1
92;1
93;1
94;1
95;0.966667
96;0.966667
97;1
98;1
99;0.966667
100;1
101;1
102;0.966667
103;0.966667
104;0.966667
105;1
106;1
107;1
108;0.966667
109;1
110;1
111;1
112;1
113;1
114;0.966667
115;1
116;1
117;1
118;1
119;1
120;1
121;1
122;1
123;0.966667
124;0.966667
125;1
126;1
127;1
128;0.966667
129;0.966667
130;1
131;1
132;0.966667
133;1
134;1
135;1
136;0.966667
137;1
138;1
139;1
140;0.966667
141;0.966667
142;1
143;0.966667
144;1
145;1
146;1
147;1
148;1
149;1
150;1
151;0.966667
152;1
153;1
154;1
155;0.966667
156;0.966667
157;1
158;1
159;0.966667
160;0.966667
161;1
162;0.966667
163;1
164;0.966667
165;1
166;1
167;1
168;1
169;1
170;1
171;1
172;1
173;0.966667
174;1
175;0.966667
176;1
177;1
178;1
179;0.966667
180;1
181;1
182;1
183;0.966667
184;1
185;1
186;1
187;0.966667
188;1
189;1
190;1
191;1
192;1
193;1
194;1
195;1
196;0.966667
197;0.966667
198;1
199;1
200;1
