day;m1
1;0.066667
2;0.166667
3;0.3
4;0.466667
5;0.633333
6;0.8
7;0.966667
8;1
9;1
10;1
11;1
12;1
13;1
14;1
15;1
16;0.966667
17;1
18;1
19;1
20;0.966667
21;0.966667
22;1
23;1
24;1
25;1
26;1
27;1
28;1
29;1
30;1
31;1
32;0.966667
33;1
34;1
35;0.966667
36;1
37;0.966667
38;1
39;1
40;1
41;1
42;1
43;0.966667
44;1
45;1
46;1
47;1
48;0.966667
49;1
50;1
51;1
52;1
53;1
54;1
55;0.966667
56;1
57;1
58;1
59;1
60;0.966667
61;1
62;1
63;1
64;1
65;1
66;1
67;1
68;1
69;1
70;1
71;0.966667
72;1
73;1
74;0.966667
75;1
76;1
77;1
78;1
79;1
80;1
81;1
82;1
83;1
84;0.966667
85;0.966667
86;0.966667
87;1
88;1
89;1
90;1
91;1
92;1
93;1
94;1
95;1
96;0.966667
97;0.966667
98;1
99;1
100;1
101;1
102;1
103;0.966667
104;1
105;1
106;1
107;1
108;1
109;1
110;1
111;1
112;1
113;1
114;1
115;0.966667
116;1
117;1
118;1
119;1
120;0.966667
121;1
122;1
123;1
124;0.966667
125;1
126;0.966667
127;1
128;1
129;0.966667
130;1
131;0.966667
132;1
133;1
134;1
135;1
136;1
137;0.966667
138;0.966667
139;1
140;1
141;1
142;1
143;0.966667
144;1
145;1
146;0.966667
147;1
148;0.966667
149;1
150;0.966667
151;0.966667
152;1
153;1
154;1
155;0.966667
156;1
157;1
158;1
159;1
160;1
161;1
162;1
163;1
164;1
165;1
166;0.966667
167;1
168;1
169;1
170;1
171;0.966667
172;1
173;1
174;1
175;1
176;1
177;1
178;0.966667
179;1
180;1
181;0.966667
182;1
183;1
184;0.966667
185;1
186;1
187;1
188;1
189;1
190;1
191;0.966667
192;1
193;1
194;1
195;1
196;1
197;1
198;1
199;1
200;0.966667
