day;m1
1;0.1
2;0.2
3;0.433333
4;0.566667
5;0.633333
6;0.8
7;0.933333
8;1
9;1
10;1
11;0.966667
12;1
13;1
14;1
15;1
16;1
17;1
18;0.966667
19;1
20;0.966667
21;1
22;1
23;1
24;1
25;1
26;1
27;1
28;1
29;1
30;0.966667
31;1
32;1
33;1
34;1
35;1
36;1
37;1
38;0.966667
39;0.966667
40;1
41;1
42;1
43;1
44;1
45;1
46;1
47;1
48;1
49;1
50;1
51;1
52;1
53;0.966667
54;1
55;1
56;1
57;1
58;1
59;1
60;1
61;1
62;1
63;1
64;1
65;1
66;0.966667
67;0.966667
68;0.966667
69;0.966667
70;1
71;1
72;1
73;1
74;1
75;1
76;1
77;1
78;1
79;0.966667
80;0.966667
81;1
82;0.966667
83;1
84;1
85;1
86;1
87;1
88;1
89;1
90;1
91;1
92;0.966667
93;1
94;1
95;1
96;1
97;0.966667
98;1
99;1
100;1
101;1
102;0.966667
103;1
104;1
105;1
106;1
107;1
108;1
109;1
110;1
111;1
112;1
113;1
114;1
115;1
116;1
117;0.966667
118;1
119;1
120;1
121;1
122;1
123;1
124;1
125;0.966667
126;1
127;0.966667
128;1
129;0.966667
130;1
131;1
132;1
133;1
134;1
135;1
136;1
137;0.966667
138;1
139;1
140;1
141;1
142;1
143;1
144;0.966667
145;1
146;1
147;1
148;0.966667
149;1
150;1
151;0.966667
152;1
153;0.966667
154;1
155;0.966667
156;0.966667
157;1
158;1
159;1
160;1
161;1
162;1
163;1
164;1
165;1
166;0.966667
167;0.966667
168;0.966667
169;1
170;1
171;0.966667
172;1
173;1
174;1
175;1
176;1
177;1
178;1
179;1
180;1
181;0.966667
182;1
183;1
184;1
185;1
186;1
187;1
188;1
189;1
190;1
191;1
192;0.966667
193;1
194;1
195;1
196;0.966667
197;0.966667
198;1
199;0.966667
200;1
