day;m1
1;0.1
2;0.233333
3;0.433333
4;0.5
5;0.6
6;0.866667
7;1
8;0.966667
9;1
10;1
11;1
12;1
13;1
14;1
15;1
16;1
17;1
18;1
19;1
20;1
21;1
22;0.966667
23;1
24;1
25;1
26;0.966667
27;0.966667
28;1
29;1
30;1
31;1
32;1
33;0.966667
34;1
35;1
36;1
37;0.966667
38;1
39;1
40;0.966667
41;1
42;1
43;1
44;1
45;1
46;0.966667
47;0.966667
48;1
49;0.966667
50;1
51;0.966667
52;1
53;1
54;1
55;1
56;1
57;0.966667
58;1
59;1
60;1
61;1
62;0.966667
63;1
64;1
65;1
66;0.966667
67;1
68;1
69;1
70;1
71;0.966667
72;1
73;1
74;1
75;1
76;1
77;1
78;1
79;1
80;1
81;1
82;1
83;0.966667
84;1
85;0.966667
86;0.966667
87;1
88;0.966667
89;1
90;1
91;1
92;1
93;1
94;1
95;1
96;1
97;1
98;1
99;1
100;0.966667
101;1
102;1
103;1
104;1
105;0.966667
106;1
107;0.966667
108;1
109;1
110;1
111;0.966667
112;1
113;1
114;0.966667
115;1
116;1
117;1
118;0.966667
119;0.966667
120;1
121;1
122;1
123;1
124;0.966667
125;1
126;1
127;1
128;1
129;0.966667
130;1
131;1
132;1
133;1
134;0.966667
135;1
136;1
137;0.966667
138;0.966667
139;1
140;1
141;1
142;1
143;1
144;1
145;1
146;1
147;1
148;1
149;1
150;1
151;0.966667
152;1
153;0.966667
154;1
155;1
156;1
157;1
158;1
159;1
160;1
161;1
162;1
163;1
164;1
165;1
166;1
167;1
168;1
169;0.966667
170;1
171;1
172;0.966667
173;1
174;1
175;0.966667
176;1
177;1
178;1
179;0.966667
180;0.966667
181;1
182;1
183;1
184;1
185;0.966667
186;1
187;1
188;1
189;1
190;1
191;1
192;1
193;1
194;1
195;1
196;1
197;0.966667
198;1
199;1
200;1
