day;m1
1;0.1
2;0.2
3;0.433333
4;0.6
5;0.633333
6;0.8
7;1
8;1
9;1
10;1
11;1
12;1
13;1
14;1
15;1
16;0.966667
17;0.966667
18;0.966667
19;0.966667
20;0.966667
21;1
22;1
23;0.966667
24;1
25;1
26;0.966667
27;0.966667
28;0.966667
29;1
30;1
31;1
32;1
33;1
34;1
35;1
36;0.966667
37;1
38;1
39;1
40;1
41;1
42;1
43;1
44;0.966667
45;1
46;1
47;1
48;1
49;1
50;1
51;1
52;1
53;0.966667
54;1
55;0.966667
56;0.966667
57;1
58;1
59;1
60;1
61;1
62;1
63;1
64;1
65;1
66;1
67;1
68;0.966667
69;0.966667
70;1
71;1
72;1
73;0.966667
74;1
75;0.966667
76;1
77;1
78;1
79;0.966667
80;1
81;1
82;1
83;1
84;1
85;1
86;1
87;1
88;1
89;1
90;1
91;0.966667
92;1
93;1
94;1
95;1
96;1
97;1
98;0.966667
99;1
100;1
101;1
102;1
103;1
104;1
105;1
106;0.966667
107;1
108;1
109;1
110;0.966667
111;1
112;0.966667
113;1
114;1
115;1
116;1
117;0.966667
118;1
119;1
120;1
121;1
122;1
123;1
124;0.966667
125;1
126;1
127;1
128;1
129;1
130;1
131;0.966667
132;1
133;0.966667
134;1
135;1
136;0.966667
137;1
138;1
139;1
140;1
141;1
142;0.966667
143;1
144;1
145;0.966667
146;1
147;1
148;1
149;0.966667
150;0.966667
151;0.966667
152;1
153;1
154;1
155;0.966667
156;1
157;0.966667
158;0.966667
159;0.966667
160;0.966667
161;1
162;0.966667
163;1
164;1
165;1
166;1
167;0.966667
168;1
169;1
170;1
171;1
172;1
173;0.966667
174;1
175;1
176;1
177;1
178;1
179;1
180;1
181;1
182;1
183;0.966667
184;0.966667
185;1
186;1
187;0.966667
188;1
189;1
190;1
191;1
192;1
193;0.966667
194;1
195;1
196;1
197;1
198;1
199;1
200;1
