day;m1
1;0.166667
2;0.266667
3;0.433333
4;0.6
5;0.633333
6;0.766667
7;0.866667
8;1
9;1
10;1
11;1
12;1
13;1
14;0.966667
15;1
16;1
17;1
18;1
19;1
20;1
21;1
22;1
23;0.966667
24;0.966667
25;1
26;1
27;1
28;1
29;1
30;1
31;0.966667
32;1
33;0.966667
34;0.966667
35;1
36;1
37;1
38;1
39;1
40;1
41;1
42;0.966667
43;1
44;1
45;1
46;1
47;1
48;1
49;1
50;0.966667
51;1
52;1
53;0.966667
54;1
55;1
56;1
57;1
58;0.966667
59;1
60;1
61;1
62;1
63;1
64;1
65;1
66;0.966667
67;1
68;1
69;1
70;0.966667
71;1
72;0.966667
73;0.966667
74;0.966667
75;1
76;0.966667
77;1
78;1
79;1
80;1
81;1
82;1
83;1
84;0.966667
85;1
86;0.966667
87;0.966667
88;0.966667
89;1
90;1
91;1
92;1
93;1
94;1
95;0.966667
96;0.966667
97;1
98;0.966667
99;0.966667
100;1
101;1
102;1
103;1
104;1
105;1
106;0.966667
107;1
108;1
109;1
110;1
111;1
112;1
113;1
114;1
115;0.966667
116;1
117;1
118;1
119;1
120;1
121;1
122;1
123;1
124;1
125;0.966667
126;0.966667
127;1
128;1
129;1
130;1
131;1
132;1
133;1
134;1
135;1
136;1
137;1
138;1
139;1
140;1
141;1
142;1
143;1
144;1
145;1
146;1
147;1
148;1
149;1
150;1
151;1
152;1
153;0.966667
154;1
155;1
156;1
157;1
158;1
159;1
160;1
161;0.966667
162;0.966667
163;1
164;1
165;1
166;0.966667
167;0.966667
168;1
169;1
170;1
171;1
172;1
173;1
174;0.966667
175;1
176;1
177;1
178;1
179;1
180;1
181;1
182;0.966667
183;0.966667
184;1
185;1
186;0.966667
187;1
188;0.966667
189;1
190;0.966667
191;1
192;1
193;0.966667
194;1
195;1
196;0.966667
197;1
198;1
199;1
200;0.966667
