day;m1
1;0.1
2;0.266667
3;0.4
4;0.6
5;0.733333
6;0.8
7;0.966667
8;1
9;1
10;1
11;0.966667
12;0.966667
13;1
14;0.966667
15;1
16;1
17;1
18;1
19;1
20;1
21;1
22;0.966667
23;1
24;0.966667
25;1
26;0.966667
27;1
28;1
29;1
30;0.966667
31;1
32;1
33;1
34;1
35;0.966667
36;1
37;1
38;1
39;1
40;0.966667
41;1
42;1
43;1
44;1
45;1
46;1
47;0.966667
48;1
49;1
50;1
51;1
52;0.966667
53;1
54;1
55;1
56;1
57;1
58;1
59;1
60;1
61;1
62;1
63;1
64;0.966667
65;1
66;1
67;1
68;1
69;1
70;0.966667
71;1
72;1
73;0.966667
74;1
75;1
76;1
77;1
78;1
79;1
80;1
81;0.966667
82;1
83;0.966667
84;1
85;1
86;1
87;0.966667
88;1
89;1
90;1
91;1
92;0.966667
93;1
94;1
95;0.966667
96;1
97;0.966667
98;1
99;1
100;1
101;0.966667
102;1
103;1
104;1
105;1
106;0.966667
107;1
108;0.966667
109;1
110;1
111;1
112;0.966667
113;1
114;1
115;0.966667
116;1
117;1
118;1
119;0.966667
120;1
121;1
122;1
123;1
124;1
125;1
126;1
127;0.966667
128;0.966667
129;0.966667
130;1
131;1
132;1
133;1
134;1
135;0.966667
136;1
137;1
138;0.966667
139;1
140;1
141;1
142;1
143;1
144;1
145;1
146;1
147;1
148;1
149;1
150;1
151;0.966667
152;1
153;1
154;0.966667
155;1
156;0.966667
157;0.966667
158;1
159;1
160;0.966667
161;1
162;1
163;1
164;1
165;0.966667
166;0.966667
167;1
168;0.966667
169;1
170;1
171;1
172;1
173;1
174;1
175;0.966667
176;1
177;1
178;1
179;1
180;1
181;0.966667
182;1
183;0.966667
184;1
185;1
186;1
187;0.966667
188;1
189;0.966667
190;0.966667
191;1
192;1
193;1
194;1
195;1
196;1
197;1
198;1
199;1
200;1
