day;m1
1;0.066667
2;0.166667
3;0.433333
4;0.566667
5;0.633333
6;0.8
7;0.966667
8;1
9;0.966667
10;1
11;1
12;1
13;0.966667
14;1
15;1
16;1
17;1
18;1
19;1
20;0.966667
21;1
22;1
23;1
24;1
25;1
26;1
27;1
28;0.966667
29;1
30;1
31;1
32;1
33;0.966667
34;1
35;0.966667
36;1
37;1
38;1
39;1
40;1
41;1
42;1
43;1
44;1
45;1
46;1
47;0.966667
48;0.966667
49;1
50;1
51;1
52;1
53;0.966667
54;1
55;1
56;1
57;1
58;1
59;1
60;1
61;1
62;1
63;1
64;0.966667
65;0.966667
66;0.966667
67;1
68;1
69;1
70;0.966667
71;1
72;0.966667
73;0.966667
74;0.966667
75;1
76;1
77;1
78;0.966667
79;1
80;1
81;1
82;0.966667
83;1
84;0.966667
85;1
86;1
87;1
88;0.966667
89;1
90;1
91;1
92;0.966667
93;1
94;1
95;1
96;1
97;0.966667
98;1
99;1
100;1
101;1
102;1
103;1
104;1
105;1
106;0.966667
107;1
108;1
109;0.966667
110;1
111;1
112;1
113;1
114;1
115;1
116;1
117;1
118;1
119;1
120;1
121;1
122;1
123;1
124;1
125;1
126;1
127;1
128;1
129;1
130;1
131;1
132;1
133;0.966667
134;1
135;1
136;1
137;1
138;1
139;0.966667
140;1
141;1
142;0.966667
143;1
144;1
145;1
146;0.966667
147;1
148;1
149;1
150;1
151;1
152;1
153;1
154;1
155;1
156;1
157;1
158;1
159;1
160;1
161;1
162;0.966667
163;1
164;1
165;1
166;0.966667
167;1
168;0.966667
169;1
170;1
171;1
172;1
173;1
174;0.966667
175;1
176;1
177;1
178;1
179;1
180;1
181;0.966667
182;1
183;1
184;1
185;1
186;1
187;1
188;1
189;0.966667
190;1
191;1
192;1
193;0.966667
194;1
195;1
196;1
197;0.966667
198;1
199;1
200;1
