day;m1
1;0.166667
2;0.266667
3;0.366667
4;0.5
5;0.733333
6;0.866667
7;1
8;1
9;1
10;0.966667
11;1
12;1
13;1
14;1
15;1
16;0.966667
17;1
18;1
19;0.966667
20;1
21;1
22;1
23;1
24;1
25;1
26;1
27;1
28;1
29;1
30;1
31;1
32;1
33;1
34;0.966667
35;1
36;1
37;1
38;1
39;1
40;0.966667
41;0.966667
42;1
43;1
44;1
45;1
46;1
47;1
48;1
49;1
50;1
51;0.966667
52;1
53;0.966667
54;0.966667
55;1
56;1
57;1
58;1
59;1
60;1
61;1
62;1
63;1
64;1
65;1
66;0.966667
67;1
68;0.966667
69;0.966667
70;1
71;1
72;0.966667
73;1
74;1
75;1
76;0.966667
77;1
78;1
79;1
80;1
81;1
82;1
83;1
84;1
85;1
86;0.966667
87;1
88;0.966667
89;0.966667
90;1
91;0.966667
92;1
93;1
94;1
95;0.966667
96;0.966667
97;1
98;1
99;0.966667
100;1
101;1
102;0.966667
103;0.966667
104;1
105;0.966667
106;1
107;0.966667
108;1
109;1
110;1
111;1
112;1
113;1
114;0.966667
115;0.966667
116;1
117;1
118;1
119;1
120;1
121;1
122;0.966667
123;1
124;1
125;1
126;1
127;1
128;0.966667
129;1
130;0.966667
131;0.966667
132;0.966667
133;0.966667
134;1
135;0.966667
136;1
137;1
138;1
139;0.966667
140;1
141;1
142;0.966667
143;1
144;1
145;0.966667
146;1
147;1
148;1
149;1
150;1
151;1
152;1
153;1
154;1
155;1
156;1
157;1
158;1
159;1
160;1
161;1
162;1
163;1
164;1
165;1
166;1
167;0.966667
168;1
169;0.966667
170;1
171;1
172;1
173;1
174;0.966667
175;1
176;1
177;1
178;0.966667
179;0.966667
180;1
181;1
182;1
183;1
184;1
185;1
186;1
187;1
188;1
189;1
190;1
191;1
192;1
193;1
194;1
195;0.966667
196;1
197;1
198;0.966667
199;0.966667
200;1
